Company Name,Contact Name,Job Title,Work Email,Website,Industry,Employee Count,Annual Revenue,Location,LinkedIn URL,Phone
Pinnacle Facilities,Daniel Delgado,Marketing Coordinator,daniel.delgado@stripe.com,https://www.stripe.com,Facilities Management,105,,"Columbus, OH",https://linkedin.com/in/daniel-delgado-1,+1 458-427-8131
Meridian Fabrication,Rachel Mbeki,,rachel.mbeki@wix.com,https://www.wix.com,Industrial Services,8631,"$865,922,337","Charlotte, NC",https://linkedin.com/in/rachel-mbeki-2,
Cornerstone Electrical,David Kowalski,Operations Analyst,davidkowalski86@hotmail.com,https://www.hotmail.com,Automotive,101,"$21,572,388","Tampa, FL",,+1 933-666-3754
Pinnacle Dental Group,Priya Nakamura,COO,priya.nakamura@intuit.com,https://www.intuit.com,,38,"$6,054,654","Kansas City, MO",https://linkedin.com/in/priya-nakamura-4,+1 734-354-9490
Pinnacle Facilities,James Gallagher,,james.gallagher@squarespace.com,https://www.squarespace.com,Automotive,86,"$10,205,104","Kansas City, MO",https://linkedin.com/in/james-gallagher-5,+1 454-514-8897
Northwind Electrical,Thomas Petrov,Sales Representative,thomaspetrov38@yahoo.com,https://www.yahoo.com,Wholesale Distribution,208,"$51,697,776","Dallas, TX",https://linkedin.com/in/thomas-petrov-6,+1 639-841-4310
Kestrel Automotive,Elena Okonkwo,Managing Director,elena.okonkwo@mailchimp.com,https://www.mailchimp.com,Manufacturing,99,"$19,981,863","Dallas, TX",,
Pinnacle Freight,Michael Sorensen,Head of Procurement,,https://www.godaddy.com,Automotive,1448,,"Richmond, VA",https://linkedin.com/in/michael-sorensen-8,+1 857-104-3597
Redwood Logistics,David Hartley,Head of Procurement,sales@cloudflare.com,https://www.cloudflare.com,Wholesale Distribution,76,,"Indianapolis, IN",https://linkedin.com/in/david-hartley-9,+1 734-853-8755
Silverbrook HVAC Services,Linda Whitfield,Head of Procurement,linda@pinnacle-dental-grp.example,https://www.pinnacle-dental-grp.example,Facilities Management,16,"$2,920,608","Tampa, FL",https://linkedin.com/in/linda-whitfield-10,
Harbor Plumbing,Sarah Novak,Intern,sarah.novak@shopify.com,https://www.shopify.com,Food & Beverage,75,,"Phoenix, AZ",https://linkedin.com/in/sarah-novak-11,+1 573-143-1833
Tidewater Fabrication,Daniel Vasquez,Operations Analyst,daniel.vasquez@intuit.com,https://www.intuit.com,Professional Services,715,"$198,140,800","Phoenix, AZ",https://linkedin.com/in/daniel-vasquez-12,
Harbor Fabrication,Nina Kowalski,General Manager,accounts@datadoghq.com,https://www.datadoghq.com,Industrial Services,8769,,"Charlotte, NC",,
Cornerstone Packaging,David Nakamura,Head of Procurement,,https://www.digitalocean.com,Logistics,18,"$4,283,514","Indianapolis, IN",https://linkedin.com/in/david-nakamura-14,
Pinnacle Freight,Rachel Rasmussen,Co-Founder,contact@zendesk.com,https://www.zendesk.com,Healthcare,3451,"$606,219,915","Richmond, VA",https://linkedin.com/in/rachel-rasmussen-15,+1 981-580-4084
Granite Plumbing,Grace Silva,Junior Accountant,grace.silva@wix.com,https://www.wix.com,Facilities Management,45,"$8,023,320","Phoenix, AZ",https://linkedin.com/in/grace-silva-16,+1 992-510-5053
Redwood Fabrication,Maria Kowalski,Head of Procurement,maria.kowalski@datadoghq.com,https://www.datadoghq.com,Healthcare,92,"$15,477,528","Richmond, VA",,+1 638-314-7072
Copperline Facilities,Robert Ferreira,President,robert@northwind-freight-co.example,https://www.northwind-freight-co.example,Facilities Management,6183,"$858,101,472","Columbus, OH",https://linkedin.com/in/robert-ferreira-18,
Summit Plumbing,Maria Ahmed,Director of Operations,maria.ahmed@zoominfo.com,https://www.zoominfo.com,Manufacturing,248,"$51,901,936","Richmond, VA",,+1 393-915-9878
Summit Plumbing,Maria Ahmed,Director of Operations,maria.ahmed@zoominfo.com,https://www.zoominfo.com,Manufacturing,248,"$51,901,936","Richmond, VA",,+1 393-915-9878
Kestrel Automotive,,Executive Assistant,michael.rasmussen@datadoghq.com,https://www.datadoghq.com,Construction,197,"$23,037,968","Charlotte, NC",https://linkedin.com/in/michael-rasmussen-20,
Foxglove Logistics,Marcus Hartley,Sales Representative,marcus.hartley@datadoghq.com,https://www.datadoghq.com,Manufacturing,46,,"Richmond, VA",,+1 545-454-1022
Granite HVAC Services,Marcus Chen,Marketing Coordinator,marcus.chen@intuit.com,https://www.intuit.com,Construction,104,,"Tampa, FL",,
Pinnacle Machining,,Marketing Coordinator,sarah@northwind-freight-co.example,https://www.northwind-freight-co.example,Food & Beverage,244,"$39,434,304","Salt Lake City, UT",https://linkedin.com/in/sarah-novak-23,+1 660-693-2529
Redwood Industrial,Linda Hartley,Field Technician,linda.hartley@twilio.com,https://www.twilio.com,Construction,3146,"$531,526,138","Tampa, FL",https://linkedin.com/in/linda-hartley-24,
Cornerstone Automotive,Claire Okonkwo,President,claire.okonkwo@stripe.com,https://www.stripe.com,Industrial Services,232,,"Salt Lake City, UT",https://linkedin.com/in/claire-okonkwo-25,
Redwood Dental Group,Paul Lindqvist,"Vice President, Finance",paullindqvist43@outlook.com,https://www.outlook.com,Food & Beverage,31,"$3,619,529","Indianapolis, IN",https://linkedin.com/in/paul-lindqvist-26,+1 231-712-9269
Pinnacle Freight,Grace Silva,COO,grace.silva@twilio.com,https://www.twilio.com,Automotive,91,"$26,077,597","Tampa, FL",https://linkedin.com/in/grace-silva-27,+1 814-737-9745
Blue Ridge HVAC Services,Claire Ferreira,Director of IT,claire@summit-logistics-llc.invalid,https://www.summit-logistics-llc.invalid,Professional Services,8706,,"Richmond, VA",https://linkedin.com/in/claire-ferreira-28,+1 881-650-4842
Redwood Freight,Grace Hartley,Founder,grace.hartley@notion.so,https://www.notion.so,Healthcare,152,"$20,211,136","Tampa, FL",,
Granite Logistics,Rachel Chen,President,,https://www.salesforce.com,Food & Beverage,136,"$23,960,888","Richmond, VA",https://linkedin.com/in/rachel-chen-30,+1 865-893-5769
Summit Manufacturing,James Gallagher,Plant Manager,james.gallagher@intuit.com,https://www.intuit.com,Professional Services,5777,,"Dallas, TX",https://linkedin.com/in/james-gallagher-31,+1 806-502-9505
Cornerstone Packaging,Priya Nakamura,Sales Representative,accounts@figma.com,https://www.figma.com,Automotive,207,"$28,130,058","Columbus, OH",https://linkedin.com/in/priya-nakamura-32,+1 261-684-4321
Summit Machining,James Ibrahim,President,james585@guerrillamail.com,https://www.guerrillamail.com,Professional Services,5832,"$956,436,336","Salt Lake City, UT",https://linkedin.com/in/james-ibrahim-33,+1 920-712-4771
Silverbrook Plumbing,Michael Nakamura,President,michael.nakamura@twilio.com,https://www.twilio.com,Healthcare,196,,"Columbus, OH",https://linkedin.com/in/michael-nakamura-34,+1 240-620-2010
Silverbrook Plumbing,Michael Nakamura,President,michael.nakamura@twilio.com,https://www.twilio.com,Healthcare,196,,"Columbus, OH",https://linkedin.com/in/michael-nakamura-34,+1 240-620-2010
Cornerstone Dental Group,Sarah Ibrahim,Director of IT,sarah.ibrahim@@zendesk.com,https://www.zendesk.com,,27,"$5,325,534","Indianapolis, IN",,+1 395-897-8111
Silverbrook Distribution,Nina Delgado,Intern,nina@acme-hvac-services.invalid,https://www.acme-hvac-services.invalid,Manufacturing,,"$34,383,531","Richmond, VA",https://linkedin.com/in/nina-delgado-36,
Northwind Distribution,Priya Bergstrom,Sales Representative,priyabergstrom43@hotmail.com,https://www.hotmail.com,Logistics,80,"$18,565,840","Kansas City, MO",https://linkedin.com/in/priya-bergstrom-37,+1 535-805-2214
Redwood Packaging,Omar Vasquez,VP of Operations,omar231@yopmail.com,https://www.yopmail.com,Industrial Services,119,"$27,148,184","Richmond, VA",,+1 584-397-7586
Ironclad Plumbing,Rachel Silva,General Manager,rachel.silva@zoominfo.com,https://www.zoominfo.com,Industrial Services,217,"$60,619,601","Kansas City, MO",https://linkedin.com/in/rachel-silva-39,
Foxglove Freight,Maria Hartley,CFO,maria.hartley@figma.com,https://www.figma.com,Healthcare,135,"$28,324,485","Kansas City, MO",https://linkedin.com/in/maria-hartley-40,+1 468-963-6576
Copperline Dental Group,Omar Gallagher,Operations Analyst,accounts@hubspot.com,https://www.hubspot.com,,8601,,"Tampa, FL",,+1 332-130-1592
Meridian Dental Group,Omar Petrov,Co-Founder,omar.petrov@stripe.com,https://www.stripe.com,Wholesale Distribution,,"$1,082,587,800","Columbus, OH",https://linkedin.com/in/omar-petrov-42,+1 229-205-6608
Ironclad Electrical,Robert Bergstrom,,robert.bergstrom@notion.so,https://www.notion.so,Professional Services,199,,"Charlotte, NC",https://linkedin.com/in/robert-bergstrom-43,
Northwind Packaging,,Operations Analyst,michael.okonkwo@mailchimp.com,https://www.mailchimp.com,Professional Services,61,,"Richmond, VA",https://linkedin.com/in/michael-okonkwo-44,+1 509-289-2522
Silverbrook Plumbing,Michael Rasmussen,Chief Executive Officer,michael.rasmussen@digitalocean.com,https://www.digitalocean.com,Healthcare,3,"$458,580","Tampa, FL",,
Tidewater Electrical,Omar Okonkwo,Owner,omar.okonkwo@intuit.com,https://www.intuit.com,Food & Beverage,122,,"Richmond, VA",,+1 250-608-7334
Foxglove Electrical,Elena Ibrahim,Junior Accountant,elena.ibrahim@intuit.com,https://www.intuit.com,Professional Services,222,"$63,925,788","Charlotte, NC",https://linkedin.com/in/elena-ibrahim-47,
Summit Manufacturing,Elena Lindqvist,Director of IT,elena@summit-logistics-llc.invalid,https://www.summit-logistics-llc.invalid,Healthcare,3,"$587,121","Indianapolis, IN",https://linkedin.com/in/elena-lindqvist-48,
Harbor Distribution,Marcus Lindqvist,Director of Operations,marcus.lindqvist@figma.com,https://www.figma.com,Healthcare,146,"$38,355,806","Kansas City, MO",https://linkedin.com/in/marcus-lindqvist-49,
Cornerstone Machining,Linda Sorensen,Co-Founder,linda.sorensen@figma.com,https://www.figma.com,Healthcare,2,"$255,450","Columbus, OH",,
Granite Industrial,Rachel Lindqvist,General Manager,rachel.lindqvist@hubspot.com,https://www.hubspot.com,Healthcare,26,"$6,447,584","Phoenix, AZ",,
Tidewater Electrical,Robert Petrov,Chief Executive Officer,robert@pinnacle-dental-grp.example,https://www.pinnacle-dental-grp.example,Wholesale Distribution,139,"$40,373,940","Phoenix, AZ",https://linkedin.com/in/robert-petrov-52,+1 679-698-3598
Meridian Fabrication,James Petrov,Founder,james.petrov@zoominfo.com,https://www.zoominfo.com,Logistics,10,,"Nashville, TN",https://linkedin.com/in/james-petrov-53,+1 232-426-6729
Pinnacle Health Partners,Maria Novak,Director of IT,maria.novak@mailchimp.com,https://www.mailchimp.com,Healthcare,8,"$1,358,232","Dallas, TX",https://linkedin.com/in/maria-novak-54,
Harbor Electrical,Kevin Petrov,,kevin.petrov@datadoghq.com,https://www.datadoghq.com,Food & Beverage,926,"$223,171,556","Charlotte, NC",https://linkedin.com/in/kevin-petrov-55,+1 397-254-3952
Granite Automotive,,Director of IT,,https://www.atlassian.com,Food & Beverage,96,"$27,309,024","Indianapolis, IN",,
Granite Automotive,,Director of IT,,https://www.atlassian.com,Food & Beverage,96,"$27,309,024","Indianapolis, IN",,
Cornerstone Fabrication,Marcus Nakamura,Co-Founder,marcus.nakamura@zendesk.com,https://www.zendesk.com,Facilities Management,11,"$1,227,182","Indianapolis, IN",https://linkedin.com/in/marcus-nakamura-57,+1 241-459-8753
Pinnacle Health Partners,Aisha Lindqvist,"Vice President, Finance",aisha.lindqvist@notion.so,https://www.notion.so,Logistics,79,"$13,570,620","Columbus, OH",,
Northwind Fabrication,David Hartley,,david.hartley@wix.com,https://www.wix.com,Facilities Management,231,"$50,119,146","Dallas, TX",https://linkedin.com/in/david-hartley-59,+1 509-710-1353
Kestrel Manufacturing,,Director of Operations,davidwhitfield51@hotmail.com,https://www.hotmail.com,Construction,4224,"$568,254,720","Charlotte, NC",https://linkedin.com/in/david-whitfield-60,+1 224-710-4952
Kestrel Fabrication,Thomas Whitfield,Field Technician,thomas200@mailinator.com,https://www.mailinator.com,Logistics,9,"$1,229,715","Nashville, TN",,+1 229-797-8920
Silverbrook Distribution,Robert Whitfield,VP of Operations,robert.whitfield@notion.so,https://www.notion.so,Manufacturing,207,"$35,451,441","Phoenix, AZ",,+1 478-333-2790
Northwind Health Partners,Elena Ibrahim,Director of IT,elena.ibrahim@salesforce.com,https://www.salesforce.com,Logistics,30,"$4,860,180","Kansas City, MO",https://linkedin.com/in/elena-ibrahim-63,
Summit Facilities,Thomas Rasmussen,Head of Procurement,thomas.rasmussen@figma.com,https://www.figma.com,Wholesale Distribution,237,"$40,348,539","Indianapolis, IN",https://linkedin.com/in/thomas-rasmussen-64,+1 515-265-6180
Summit Facilities,Thomas Rasmussen,Head of Procurement,thomas.rasmussen@figma.com,https://www.figma.com,Wholesale Distribution,237,"$40,348,539","Indianapolis, IN",https://linkedin.com/in/thomas-rasmussen-64,+1 515-265-6180
Cornerstone Fabrication,Robert Whitfield,Operations Manager,robert.whitfield@shopify.com,https://www.shopify.com,Facilities Management,145,,"Salt Lake City, UT",https://linkedin.com/in/robert-whitfield-65,+1 655-595-3377
Harbor Industrial,Robert Sorensen,VP of Operations,contact@intuit.com,https://www.intuit.com,Professional Services,6173,"$1,202,679,417","Kansas City, MO",,+1 216-107-3312
Kestrel Logistics,Rachel Petrov,"Vice President, Finance",rachel.petrov@cloudflare.com,https://www.cloudflare.com,Logistics,30,"$8,701,980","Phoenix, AZ",https://linkedin.com/in/rachel-petrov-67,
Copperline Packaging,David Gallagher,Chief Executive Officer,david.gallagher@cloudflare.com,https://www.cloudflare.com,Facilities Management,8343,"$1,746,999,171","Nashville, TN",https://linkedin.com/in/david-gallagher-68,+1 508-218-4139
Harbor Freight,Maria Hartley,VP of Operations,maria@pinnacle-dental-grp.example,https://www.pinnacle-dental-grp.example,Wholesale Distribution,246,,"Tampa, FL",,+1 309-573-1830
Copperline Facilities,,Founder,sarah.whitfield@gitlab.com,https://www.gitlab.com,Manufacturing,112,,"Charlotte, NC",,+1 911-305-7346
Kestrel Distribution,Kevin Bergstrom,Sales Representative,accounts@stripe.com,https://www.stripe.com,Food & Beverage,218,"$33,384,084","Nashville, TN",,+1 365-743-8765
Foxglove HVAC Services,Claire Petrov,Operations Manager,claire.petrov@@gitlab.com,https://www.gitlab.com,Food & Beverage,66,"$7,556,010","Phoenix, AZ",https://linkedin.com/in/claire-petrov-72,
Pinnacle Plumbing,Robert Lindqvist,Managing Director,robert.lindqvist@atlassian.com,https://www.atlassian.com,Professional Services,890,"$94,001,800","Nashville, TN",https://linkedin.com/in/robert-lindqvist-73,+1 585-708-2996
Ironclad Industrial,Sarah Silva,Director of Operations,sarah.silva@@atlassian.com,https://www.atlassian.com,Wholesale Distribution,7340,"$1,871,068,760","Columbus, OH",https://linkedin.com/in/sarah-silva-74,+1 341-962-5950
Foxglove Industrial,Thomas Ibrahim,Operations Analyst,thomas.ibrahim@notion.so,https://www.notion.so,Construction,27,,"Kansas City, MO",https://linkedin.com/in/thomas-ibrahim-75,+1 996-600-5727
Pinnacle Manufacturing,Grace Sorensen,Junior Accountant,gracesorensen33@outlook.com,https://www.outlook.com,Industrial Services,194,"$20,555,852","Richmond, VA",,+1 501-729-9084
Blue Ridge Logistics,Michael Vasquez,Marketing Coordinator,michael.vasquez@asana.com,https://www.asana.com,Logistics,124,,"Richmond, VA",https://linkedin.com/in/michael-vasquez-77,+1 333-793-3385
Blue Ridge Logistics,Michael Vasquez,Marketing Coordinator,michael.vasquez@asana.com,https://www.asana.com,Logistics,124,,"Richmond, VA",https://linkedin.com/in/michael-vasquez-77,+1 333-793-3385
Ironclad Packaging,Paul Ahmed,"Vice President, Finance",paul.ahmed@mailchimp.com,https://www.mailchimp.com,Professional Services,154,"$44,750,552","Richmond, VA",,
Granite Fabrication,Sarah Novak,VP of Operations,sarah.novak@asana.com,https://www.asana.com,Facilities Management,323,"$48,112,788","Richmond, VA",https://linkedin.com/in/sarah-novak-79,
Pinnacle Automotive,,Founder,daniel.kowalski@wix.com,https://www.wix.com,Industrial Services,61,,"Columbus, OH",https://linkedin.com/in/daniel-kowalski-80,+1 605-484-2180
Cornerstone Plumbing,Kevin Delgado,Director of Operations,kevin.delgado@wix.com,https://www.wix.com,Industrial Services,5,"$1,078,625","Charlotte, NC",,
Kestrel Logistics,Thomas Petrov,General Manager,info@datadoghq.com,https://www.datadoghq.com,Logistics,17,"$1,967,308","Columbus, OH",,+1 877-717-3824
Blue Ridge Electrical,David Delgado,Operations Analyst,david.delgado@zendesk.com,https://www.zendesk.com,Logistics,179,,"Indianapolis, IN",,+1 870-845-7849
Northwind Electrical,Kevin Delgado,VP of Operations,kevin.delgado@twilio.com,https://www.twilio.com,Logistics,4370,"$1,012,966,000","Kansas City, MO",https://linkedin.com/in/kevin-delgado-84,+1 904-185-2950
Summit Manufacturing,James Sorensen,Sales Representative,james.sorensen@gitlab.com,https://www.gitlab.com,Automotive,138,"$18,487,722","Charlotte, NC",https://linkedin.com/in/james-sorensen-85,
Ironclad Freight,Maria Delgado,Director of Operations,info@stripe.com,https://www.stripe.com,Manufacturing,9209,"$1,452,093,538","Kansas City, MO",,+1 924-900-5094
Harbor Health Partners,Marcus Petrov,Operations Analyst,marcuspetrov20@yahoo.com,https://www.yahoo.com,Manufacturing,3631,"$528,619,135","Charlotte, NC",https://linkedin.com/in/marcus-petrov-87,
Meridian Manufacturing,Rachel Gallagher,General Manager,rachel.gallagher@godaddy.com,https://www.godaddy.com,Food & Beverage,93,"$22,469,916","Kansas City, MO",,+1 229-850-4554
Summit Industrial,Maria Bergstrom,Operations Analyst,mariabergstrom53@hotmail.com,https://www.hotmail.com,Professional Services,5,"$1,257,250","Phoenix, AZ",,+1 376-385-3933
Tidewater Dental Group,Kevin Vasquez,COO,kevin.vasquez@notion.so,https://www.notion.so,Facilities Management,,"$30,814,223","Indianapolis, IN",https://linkedin.com/in/kevin-vasquez-90,+1 599-607-8649
Blue Ridge Machining,Aisha Novak,Owner,info@salesforce.com,https://www.salesforce.com,Industrial Services,22,"$3,248,388","Phoenix, AZ",,+1 618-487-9969
Redwood Packaging,Maria Kowalski,Director of IT,maria.kowalski@figma.com,https://www.figma.com,Logistics,207,,"Richmond, VA",https://linkedin.com/in/maria-kowalski-92,+1 373-431-4130
Blue Ridge Distribution,Rachel Chen,Marketing Coordinator,rachel.chen@hubspot.com,https://www.hubspot.com,Industrial Services,157,,"Richmond, VA",https://linkedin.com/in/rachel-chen-93,+1 231-639-4034
Summit Distribution,Paul Lindqvist,,paullindqvist89@gmail.com,https://www.gmail.com,Manufacturing,5693,"$1,686,687,882","Tampa, FL",https://linkedin.com/in/paul-lindqvist-94,
Summit Distribution,Paul Lindqvist,,paullindqvist89@gmail.com,https://www.gmail.com,Manufacturing,5693,"$1,686,687,882","Tampa, FL",https://linkedin.com/in/paul-lindqvist-94,
Ironclad Manufacturing,,Operations Analyst,hello@wix.com,https://www.wix.com,Professional Services,91,"$12,989,704","Phoenix, AZ",https://linkedin.com/in/grace-novak-95,+1 761-624-3974
Granite Freight,Marcus Petrov,Director of IT,marcus.petrov@atlassian.com,https://www.atlassian.com,Construction,42,"$5,609,562","Phoenix, AZ",https://linkedin.com/in/marcus-petrov-96,+1 621-160-2379
Northwind Packaging,Maria Ahmed,Managing Director,maria.ahmed@intuit.com,https://www.intuit.com,Industrial Services,6555,,"Charlotte, NC",https://linkedin.com/in/maria-ahmed-97,+1 520-156-8751
Tidewater Fabrication,James Vasquez,VP of Operations,james.vasquez@zoominfo.com,https://www.zoominfo.com,Wholesale Distribution,227,"$58,949,857","Kansas City, MO",,
Tidewater Electrical,Daniel Ferreira,Marketing Coordinator,,https://www.salesforce.com,Construction,1052,"$107,453,384","Nashville, TN",,+1 905-820-2192
Harbor Electrical,Maria Ferreira,General Manager,mariaferreira24@gmail.com,https://www.gmail.com,Manufacturing,107,"$18,559,792","Columbus, OH",https://linkedin.com/in/maria-ferreira-100,
Granite Freight,Nina Kowalski,,nina.kowalski@hubspot.com,https://www.hubspot.com,Healthcare,168,"$35,562,744","Salt Lake City, UT",https://linkedin.com/in/nina-kowalski-101,
Tidewater Facilities,Nina Gallagher,General Manager,ninagallagher92@outlook.com,https://www.outlook.com,Logistics,136,"$40,240,768","Phoenix, AZ",,+1 266-281-9184
Meridian Packaging,Linda Ibrahim,Founder,lindaibrahim25@outlook.com,https://www.outlook.com,,35,"$6,783,595","Phoenix, AZ",,+1 325-790-8251
Meridian Packaging,Linda Ibrahim,Founder,lindaibrahim25@outlook.com,https://www.outlook.com,,35,"$6,783,595","Phoenix, AZ",,+1 325-790-8251
Ironclad Logistics,Rachel Nakamura,Plant Manager,admin@atlassian.com,https://www.atlassian.com,Professional Services,206,"$45,749,716","Indianapolis, IN",,
Granite Industrial,Nina Novak,Founder,ninanovak36@outlook.com,https://www.outlook.com,Facilities Management,87,"$9,198,771","Tampa, FL",https://linkedin.com/in/nina-novak-105,
Northwind Automotive,Elena Okonkwo,Plant Manager,elena.okonkwo@stripe.com,https://www.stripe.com,Facilities Management,8066,"$1,044,272,756","Tampa, FL",https://linkedin.com/in/elena-okonkwo-106,+1 440-437-6309
Blue Ridge Plumbing,Priya Bergstrom,Founder,priya536@mailinator.com,https://www.mailinator.com,Manufacturing,154,"$18,067,742","Kansas City, MO",,+1 878-826-4734
Pinnacle Logistics,Paul Bergstrom,"Vice President, Finance",paul@pinnacle-dental-grp.example,https://www.pinnacle-dental-grp.example,Industrial Services,215,"$31,584,575","Nashville, TN",https://linkedin.com/in/paul-bergstrom-108,+1 811-533-3083
Summit Freight,Omar Sorensen,"Vice President, Finance",omar.sorensen@datadoghq.com,https://www.datadoghq.com,Automotive,150,"$36,851,700","Dallas, TX",https://linkedin.com/in/omar-sorensen-109,+1 348-135-1082
Kestrel Manufacturing,Kevin Chen,Operations Manager,,https://www.intuit.com,Automotive,7175,,"Columbus, OH",,
Foxglove Health Partners,Paul Chen,Field Technician,paulchen13@gmail.com,https://www.gmail.com,Facilities Management,62,,"Kansas City, MO",https://linkedin.com/in/paul-chen-111,+1 943-828-4090
Granite Packaging,Sarah Novak,,sarahnovak62@yahoo.com,https://www.yahoo.com,Construction,25,"$5,897,075","Tampa, FL",https://linkedin.com/in/sarah-novak-112,+1 561-472-4323
Cornerstone Electrical,Nina Rasmussen,Marketing Coordinator,nina.rasmussen@intuit.com,https://www.intuit.com,Food & Beverage,111,"$16,038,612","Nashville, TN",,
Meridian Manufacturing,Paul Sorensen,Co-Founder,admin@intuit.com,https://www.intuit.com,Professional Services,98,"$20,334,216","Tampa, FL",https://linkedin.com/in/paul-sorensen-114,
Meridian Logistics,David Hartley,Head of Procurement,david.hartley@squarespace.com,https://www.squarespace.com,Construction,477,"$116,783,910","Kansas City, MO",https://linkedin.com/in/david-hartley-115,+1 740-698-6788
Northwind Automotive,Maria Vasquez,VP of Operations,info@squarespace.com,https://www.squarespace.com,Healthcare,5568,"$1,286,024,256","Charlotte, NC",,
Tidewater Facilities,Elena Ibrahim,Sales Representative,elena.ibrahim@mailchimp.com,https://www.mailchimp.com,Automotive,25,,"Phoenix, AZ",https://linkedin.com/in/elena-ibrahim-117,
Cornerstone Packaging,Omar Silva,Director of IT,omarsilva23@gmail.com,https://www.gmail.com,Facilities Management,6396,,"Columbus, OH",,+1 590-909-5932
Foxglove Automotive,Grace Sorensen,Founder,admin@wix.com,https://www.wix.com,Food & Beverage,182,"$18,880,680","Charlotte, NC",https://linkedin.com/in/grace-sorensen-119,+1 575-739-6046
Northwind Freight,Daniel Lindqvist,,accounts@atlassian.com,https://www.atlassian.com,Automotive,194,,"Richmond, VA",https://linkedin.com/in/daniel-lindqvist-120,
Redwood Fabrication,Robert Novak,COO,robert.novak@notion.so,https://www.notion.so,Food & Beverage,9,"$1,343,322","Phoenix, AZ",https://linkedin.com/in/robert-novak-121,
Cornerstone Industrial,Rachel Bergstrom,COO,,https://www.stripe.com,Logistics,213,,"Charlotte, NC",https://linkedin.com/in/rachel-bergstrom-122,
Summit Fabrication,,Chief Executive Officer,daniel.ferreira@datadoghq.com,https://www.datadoghq.com,Wholesale Distribution,,,"Nashville, TN",https://linkedin.com/in/daniel-ferreira-123,+1 282-669-1338
Summit Facilities,Robert Ahmed,COO,robert.ahmed@mailchimp.com,https://www.mailchimp.com,Healthcare,8521,,"Dallas, TX",,+1 295-513-4797
Harbor Fabrication,Paul Delgado,Managing Director,pauldelgado53@yahoo.com,https://www.yahoo.com,Professional Services,234,"$55,783,962","Charlotte, NC",,
Summit Freight,Elena Okonkwo,Head of Procurement,elenaokonkwo53@hotmail.com,https://www.hotmail.com,Logistics,,"$14,389,752","Nashville, TN",,+1 913-102-3556
Copperline Machining,,Director of IT,accounts@godaddy.com,https://www.godaddy.com,Manufacturing,53,"$6,810,447","Tampa, FL",,+1 855-741-9049
Summit Fabrication,Rachel Gallagher,COO,rachel@pinnacle-dental-grp.example,https://www.pinnacle-dental-grp.example,Food & Beverage,3958,"$1,106,395,572","Columbus, OH",,+1 625-890-8518
Tidewater Automotive,Rachel Whitfield,VP of Operations,rachelwhitfield47@hotmail.com,https://www.hotmail.com,Facilities Management,,"$3,098,403","Dallas, TX",https://linkedin.com/in/rachel-whitfield-129,+1 824-968-9948
Tidewater Automotive,Rachel Whitfield,VP of Operations,rachelwhitfield47@hotmail.com,https://www.hotmail.com,Facilities Management,,"$3,098,403","Dallas, TX",https://linkedin.com/in/rachel-whitfield-129,+1 824-968-9948
Foxglove Freight,Daniel Chen,Director of IT,danielchen38@gmail.com,https://www.gmail.com,Wholesale Distribution,3321,"$653,778,702","Indianapolis, IN",https://linkedin.com/in/daniel-chen-130,+1 251-855-1441
Pinnacle HVAC Services,Sarah Ibrahim,Director of Operations,sarah.ibrahim@atlassian.com,https://www.atlassian.com,Professional Services,184,"$29,337,880","Phoenix, AZ",https://linkedin.com/in/sarah-ibrahim-131,
Ironclad Fabrication,David Gallagher,,david.gallagher@shopify.com,https://www.shopify.com,Industrial Services,5387,"$694,244,238","Dallas, TX",,+1 526-706-2966
Blue Ridge Electrical,Claire Mbeki,President,admin@squarespace.com,https://www.squarespace.com,Manufacturing,7798,"$1,436,945,258","Columbus, OH",https://linkedin.com/in/claire-mbeki-133,
Summit Facilities,Linda Mbeki,"Vice President, Finance",lindambeki69@hotmail.com,https://www.hotmail.com,Wholesale Distribution,2814,"$505,726,452","Salt Lake City, UT",,+1 518-368-5685
Redwood Automotive,,Executive Assistant,nina.nakamura@twilio.com,https://www.twilio.com,Wholesale Distribution,,,"Phoenix, AZ",https://linkedin.com/in/nina-nakamura-135,+1 569-877-5874
Silverbrook Freight,,Junior Accountant,elena.chen@gitlab.com,https://www.gitlab.com,Healthcare,218,"$55,276,516","Salt Lake City, UT",https://linkedin.com/in/elena-chen-136,
Summit Packaging,David Lindqvist,Plant Manager,davidlindqvist64@yahoo.com,https://www.yahoo.com,Logistics,221,"$25,157,977","Phoenix, AZ",,+1 892-907-6697
Blue Ridge Manufacturing,Maria Novak,Operations Analyst,maria.novak@salesforce.com,https://www.salesforce.com,Automotive,184,,"Dallas, TX",,
Kestrel Industrial,,Operations Manager,grace.ibrahim@godaddy.com,https://www.godaddy.com,Automotive,2097,"$579,264,795","Dallas, TX",https://linkedin.com/in/grace-ibrahim-139,+1 308-729-4078
Cornerstone HVAC Services,Aisha Ferreira,Founder,aisha.ferreira@shopify.com,https://www.shopify.com,Industrial Services,62,"$12,330,622","Tampa, FL",,+1 571-575-4539
Northwind Machining,Robert Hartley,Chief Executive Officer,accounts@datadoghq.com,https://www.datadoghq.com,Professional Services,23,,"Kansas City, MO",,+1 731-647-4162
Foxglove Packaging,Robert Hartley,CFO,robert@acme-hvac-services.invalid,https://www.acme-hvac-services.invalid,Food & Beverage,4261,"$1,021,830,410","Kansas City, MO",,
Pinnacle Logistics,Nina Petrov,,nina.petrov@asana.com,https://www.asana.com,Facilities Management,9,"$2,403,243","Richmond, VA",https://linkedin.com/in/nina-petrov-143,
Northwind Health Partners,Kevin Sorensen,President,accounts@zoominfo.com,https://www.zoominfo.com,Logistics,3971,"$515,201,511","Salt Lake City, UT",https://linkedin.com/in/kevin-sorensen-144,+1 397-600-6040
Silverbrook Distribution,Nina Gallagher,"Vice President, Finance",info@gitlab.com,https://www.gitlab.com,Facilities Management,220,,"Richmond, VA",https://linkedin.com/in/nina-gallagher-145,
Tidewater Automotive,Marcus Chen,General Manager,,https://www.twilio.com,,190,"$44,877,430","Columbus, OH",,+1 880-439-2945
Foxglove Industrial,Rachel Chen,,rachel.chen@mailchimp.com,https://www.mailchimp.com,Facilities Management,247,,"Tampa, FL",https://linkedin.com/in/rachel-chen-147,
Copperline Fabrication,Sarah Whitfield,Plant Manager,admin@squarespace.com,https://www.squarespace.com,Construction,,"$33,314,448","Richmond, VA",,+1 229-654-7566
Foxglove Plumbing,Priya Delgado,Intern,priyadelgado65@hotmail.com,https://www.hotmail.com,Industrial Services,1680,"$444,551,520","Phoenix, AZ",https://linkedin.com/in/priya-delgado-149,
Tidewater Packaging,Claire Nakamura,General Manager,clairenakamura32@yahoo.com,https://www.yahoo.com,Manufacturing,123,"$30,166,734","Phoenix, AZ",,
Redwood Freight,Marcus Ibrahim,COO,marcus@pinnacle-dental-grp.example,https://www.pinnacle-dental-grp.example,Automotive,7,"$1,667,295","Nashville, TN",,+1 397-326-5841
Redwood Machining,Linda Ferreira,Director of Operations,linda.ferreira@zendesk.com,https://www.zendesk.com,Food & Beverage,43,,"Richmond, VA",https://linkedin.com/in/linda-ferreira-152,+1 602-578-9160
Copperline Fabrication,Maria Whitfield,Intern,maria.whitfield@intuit.com,https://www.intuit.com,Manufacturing,6622,"$1,634,422,174","Dallas, TX",https://linkedin.com/in/maria-whitfield-153,+1 773-194-1471
Cornerstone Logistics,Michael Ahmed,,michael.ahmed@zendesk.com,https://www.zendesk.com,Logistics,8508,"$949,178,004","Nashville, TN",https://linkedin.com/in/michael-ahmed-154,
Granite Industrial,Claire Ahmed,CFO,claire@acme-hvac-services.invalid,https://www.acme-hvac-services.invalid,Logistics,163,"$29,429,487","Charlotte, NC",,+1 773-851-9118
Foxglove Industrial,Paul Mbeki,Head of Procurement,paulmbeki24@hotmail.com,https://www.hotmail.com,Facilities Management,7682,"$957,353,886","Richmond, VA",,
Ironclad HVAC Services,James Novak,CFO,jamesnovak55@gmail.com,https://www.gmail.com,Professional Services,174,"$32,029,398","Kansas City, MO",https://linkedin.com/in/james-novak-157,
Cornerstone Health Partners,Linda Ferreira,Owner,linda.ferreira@asana.com,https://www.asana.com,Facilities Management,211,,"Indianapolis, IN",https://linkedin.com/in/linda-ferreira-158,
Granite Industrial,Paul Novak,Operations Manager,paul.novak@squarespace.com,https://www.squarespace.com,Automotive,97,"$20,294,146","Richmond, VA",https://linkedin.com/in/paul-novak-159,
Foxglove Facilities,Michael Delgado,Plant Manager,michaeldelgado40@gmail.com,https://www.gmail.com,Industrial Services,53,,"Charlotte, NC",https://linkedin.com/in/michael-delgado-160,+1 590-886-3714
Blue Ridge Manufacturing,Marcus Silva,VP of Operations,marcus@acme-hvac-services.invalid,https://www.acme-hvac-services.invalid,Professional Services,3,"$577,917","Phoenix, AZ",,+1 712-195-4563
Redwood HVAC Services,,Founder,contact@salesforce.com,https://www.salesforce.com,Healthcare,80,"$21,106,880","Columbus, OH",https://linkedin.com/in/sarah-rasmussen-162,
Blue Ridge Machining,Nina Whitfield,Chief Executive Officer,nina.whitfield@zendesk.com,https://www.zendesk.com,Construction,176,"$21,893,872","Richmond, VA",https://linkedin.com/in/nina-whitfield-163,+1 425-597-7888
Granite Machining,Marcus Chen,Intern,marcus.chen@intuit.com,https://www.intuit.com,,3,"$879,618","Dallas, TX",https://linkedin.com/in/marcus-chen-164,+1 533-237-2023
Ironclad Plumbing,Claire Ferreira,Operations Analyst,claireferreira90@outlook.com,https://www.outlook.com,Wholesale Distribution,111,"$31,824,810","Phoenix, AZ",https://linkedin.com/in/claire-ferreira-165,
Ironclad Logistics,Daniel Kowalski,Operations Manager,accounts@zendesk.com,https://www.zendesk.com,Industrial Services,27,"$7,985,979","Richmond, VA",https://linkedin.com/in/daniel-kowalski-166,
Redwood Packaging,Michael Sorensen,Owner,michael.sorensen@asana.com,https://www.asana.com,Healthcare,144,"$40,890,096","Phoenix, AZ",https://linkedin.com/in/michael-sorensen-167,+1 813-891-6769
Granite Packaging,Robert Whitfield,CFO,,https://www.digitalocean.com,Logistics,195,"$39,539,760","Salt Lake City, UT",https://linkedin.com/in/robert-whitfield-168,+1 354-494-9042
Granite Packaging,Robert Whitfield,CFO,,https://www.digitalocean.com,Logistics,195,"$39,539,760","Salt Lake City, UT",https://linkedin.com/in/robert-whitfield-168,+1 354-494-9042
Redwood Automotive,Michael Silva,General Manager,,https://www.digitalocean.com,Manufacturing,136,,"Columbus, OH",,+1 997-661-4531
Kestrel Health Partners,Maria Kowalski,Operations Manager,maria.kowalski@squarespace.com,https://www.squarespace.com,,,"$14,779,575","Dallas, TX",,
Summit Electrical,Rachel Novak,Operations Manager,support@twilio.com,https://www.twilio.com,Wholesale Distribution,1861,"$458,907,712","Dallas, TX",,
Ironclad Automotive,Omar Whitfield,Operations Manager,omar81@guerrillamail.com,https://www.guerrillamail.com,Industrial Services,10,"$1,804,240","Phoenix, AZ",https://linkedin.com/in/omar-whitfield-172,
Foxglove Industrial,Maria Whitfield,Operations Manager,info@asana.com,https://www.asana.com,Construction,5,"$1,381,205","Charlotte, NC",,+1 364-100-1850
Ironclad Machining,Claire Gallagher,Field Technician,,https://www.cloudflare.com,Manufacturing,86,,"Charlotte, NC",,+1 366-966-1142
Summit Plumbing,,Managing Director,marcus.ibrahim@intuit.com,https://www.intuit.com,Construction,,"$378,714,360","Phoenix, AZ",https://linkedin.com/in/marcus-ibrahim-175,+1 975-543-9673
Granite Automotive,Aisha Okonkwo,VP of Operations,sales@zendesk.com,https://www.zendesk.com,Facilities Management,108,"$10,859,292","Columbus, OH",https://linkedin.com/in/aisha-okonkwo-176,+1 591-651-9847
Cornerstone Packaging,Robert Hartley,Sales Representative,robert@summit-logistics-llc.invalid,https://www.summit-logistics-llc.invalid,Manufacturing,111,"$24,311,220","Dallas, TX",https://linkedin.com/in/robert-hartley-177,+1 887-973-6631
Northwind Logistics,Nina Ahmed,Executive Assistant,nina.ahmed@figma.com,https://www.figma.com,Industrial Services,3342,"$385,085,292","Phoenix, AZ",https://linkedin.com/in/nina-ahmed-178,+1 795-296-3522
Kestrel Machining,,,claire.petrov@twilio.com,https://www.twilio.com,Professional Services,235,"$24,772,995","Indianapolis, IN",,
Granite Health Partners,Robert Ferreira,Director of IT,robert694@guerrillamail.com,https://www.guerrillamail.com,Facilities Management,25,"$6,802,975","Richmond, VA",,+1 827-790-1050
Ironclad Automotive,Paul Chen,Field Technician,paul.chen@zendesk.com,https://www.zendesk.com,Manufacturing,78,"$14,192,412","Columbus, OH",https://linkedin.com/in/paul-chen-181,+1 760-197-3437
Copperline HVAC Services,Thomas Lindqvist,Marketing Coordinator,thomaslindqvist22@gmail.com,https://www.gmail.com,Facilities Management,72,"$13,702,536","Kansas City, MO",https://linkedin.com/in/thomas-lindqvist-182,
Harbor Manufacturing,James Whitfield,,james.whitfield@salesforce.com,https://www.salesforce.com,Industrial Services,5385,"$950,016,315","Salt Lake City, UT",https://linkedin.com/in/james-whitfield-183,
Cornerstone Machining,Robert Silva,Marketing Coordinator,robert@acme-hvac-services.invalid,https://www.acme-hvac-services.invalid,Industrial Services,64,"$16,243,456","Kansas City, MO",https://linkedin.com/in/robert-silva-184,+1 668-176-2231
Pinnacle HVAC Services,Michael Chen,General Manager,michael.chen@digitalocean.com,https://www.digitalocean.com,Construction,233,"$29,017,820","Kansas City, MO",https://linkedin.com/in/michael-chen-185,+1 426-928-6209
Granite Manufacturing,Daniel Okonkwo,Chief Executive Officer,daniel@northwind-freight-co.example,https://www.northwind-freight-co.example,Professional Services,10,"$1,400,780","Tampa, FL",,+1 801-179-6800
Granite Distribution,Robert Delgado,"Vice President, Finance",,https://www.digitalocean.com,Construction,,"$37,423,867","Columbus, OH",https://linkedin.com/in/robert-delgado-187,+1 268-946-6607
Tidewater Automotive,Nina Novak,Junior Accountant,nina.novak@stripe.com,https://www.stripe.com,Facilities Management,52,"$12,498,616","Charlotte, NC",https://linkedin.com/in/nina-novak-188,+1 276-611-1476
Redwood Freight,Grace Delgado,General Manager,grace@summit-logistics-llc.invalid,https://www.summit-logistics-llc.invalid,Construction,193,"$48,555,326","Phoenix, AZ",https://linkedin.com/in/grace-delgado-189,
Cornerstone Freight,Robert Delgado,Managing Director,robertdelgado38@gmail.com,https://www.gmail.com,Facilities Management,2,"$332,046","Dallas, TX",https://linkedin.com/in/robert-delgado-190,
Pinnacle Facilities,Sarah Bergstrom,President,admin@zendesk.com,https://www.zendesk.com,Industrial Services,4,"$866,508","Indianapolis, IN",https://linkedin.com/in/sarah-bergstrom-191,+1 624-888-5603
Harbor Fabrication,Kevin Delgado,Co-Founder,kevin.delgado@squarespace.com,https://www.squarespace.com,,98,"$11,706,982","Charlotte, NC",https://linkedin.com/in/kevin-delgado-192,
Tidewater Packaging,,Executive Assistant,,https://www.digitalocean.com,Industrial Services,8,"$1,444,840","Salt Lake City, UT",,+1 366-482-2059
Pinnacle Packaging,Sarah Rasmussen,Plant Manager,sarah.rasmussen@gitlab.com,https://www.gitlab.com,Logistics,,"$52,309,179","Nashville, TN",https://linkedin.com/in/sarah-rasmussen-194,+1 285-578-1223
Redwood Industrial,Aisha Vasquez,"Vice President, Finance",aisha@northwind-freight-co.example,https://www.northwind-freight-co.example,Automotive,8857,"$1,371,922,729","Richmond, VA",https://linkedin.com/in/aisha-vasquez-195,+1 832-509-7514
Granite Electrical,Marcus Kowalski,,marcus.kowalski@asana.com,https://www.asana.com,Professional Services,42,"$11,105,052","Columbus, OH",,
Blue Ridge Manufacturing,Robert Ibrahim,Managing Director,robertibrahim67@hotmail.com,https://www.hotmail.com,Food & Beverage,113,"$29,813,468","Phoenix, AZ",https://linkedin.com/in/robert-ibrahim-197,
Summit Machining,Thomas Delgado,Director of Operations,thomas.delgado@squarespace.com,https://www.squarespace.com,Healthcare,192,"$23,144,064","Phoenix, AZ",,
Ironclad Logistics,Maria Nakamura,Director of Operations,maria.nakamura@datadoghq.com,https://www.datadoghq.com,Industrial Services,6596,"$1,181,224,872","Charlotte, NC",,
Blue Ridge Machining,Claire Chen,Managing Director,claire.chen@gitlab.com,https://www.gitlab.com,Wholesale Distribution,215,,"Dallas, TX",https://linkedin.com/in/claire-chen-200,+1 870-365-4447
Northwind Electrical,Grace Mbeki,,grace.mbeki@mailchimp.com,https://www.mailchimp.com,Wholesale Distribution,160,"$37,911,520","Nashville, TN",https://linkedin.com/in/grace-mbeki-201,+1 462-570-2402
Northwind Electrical,Grace Mbeki,,grace.mbeki@mailchimp.com,https://www.mailchimp.com,Wholesale Distribution,160,"$37,911,520","Nashville, TN",https://linkedin.com/in/grace-mbeki-201,+1 462-570-2402
Pinnacle Fabrication,,COO,contact@mailchimp.com,https://www.mailchimp.com,,150,"$24,062,250","Indianapolis, IN",https://linkedin.com/in/maria-nakamura-202,+1 477-749-9575
Pinnacle Fabrication,,COO,contact@mailchimp.com,https://www.mailchimp.com,,150,"$24,062,250","Indianapolis, IN",https://linkedin.com/in/maria-nakamura-202,+1 477-749-9575
Summit Logistics,David Vasquez,General Manager,david@pinnacle-dental-grp.example,https://www.pinnacle-dental-grp.example,Logistics,219,"$44,584,677","Columbus, OH",https://linkedin.com/in/david-vasquez-203,
Tidewater Dental Group,Maria Delgado,Managing Director,maria.delgado@asana.com,https://www.asana.com,,5271,"$1,365,131,019","Nashville, TN",https://linkedin.com/in/maria-delgado-204,+1 651-690-2238
Copperline Distribution,Thomas Lindqvist,Head of Procurement,thomas.lindqvist@notion.so,https://www.notion.so,Healthcare,5,"$1,148,100","Charlotte, NC",https://linkedin.com/in/thomas-lindqvist-205,
Meridian Freight,Claire Sorensen,COO,contact@stripe.com,https://www.stripe.com,Facilities Management,9054,,"Richmond, VA",https://linkedin.com/in/claire-sorensen-206,+1 815-446-4463
Northwind Plumbing,David Ferreira,Junior Accountant,david.ferreira@cloudflare.com,https://www.cloudflare.com,Facilities Management,184,"$29,867,616","Charlotte, NC",,
Ironclad Facilities,Paul Hartley,General Manager,paul.hartley@asana.com,https://www.asana.com,Facilities Management,6916,,"Indianapolis, IN",https://linkedin.com/in/paul-hartley-208,
Pinnacle Distribution,Paul Sorensen,Owner,paul.sorensen@gitlab.com,https://www.gitlab.com,Logistics,194,"$20,108,682","Tampa, FL",,+1 465-482-1167
Tidewater Facilities,Robert Petrov,Operations Manager,accounts@stripe.com,https://www.stripe.com,,130,"$21,745,230","Dallas, TX",https://linkedin.com/in/robert-petrov-210,+1 745-724-7527
Cornerstone Distribution,Nina Whitfield,,nina.whitfield@notion.so,https://www.notion.so,Facilities Management,1644,"$179,671,116","Salt Lake City, UT",,+1 472-158-6630
Summit Freight,Aisha Silva,Managing Director,aisha.silva@gitlab.com,https://www.gitlab.com,Industrial Services,31,"$3,644,267","Charlotte, NC",https://linkedin.com/in/aisha-silva-212,+1 678-132-5158
Copperline Packaging,Rachel Mbeki,General Manager,rachel.mbeki@atlassian.com,https://www.atlassian.com,Healthcare,87,,"Dallas, TX",https://linkedin.com/in/rachel-mbeki-213,+1 284-384-8039
Meridian Machining,David Ahmed,Co-Founder,davidahmed76@outlook.com,https://www.outlook.com,Logistics,2569,"$681,483,768","Salt Lake City, UT",,+1 726-236-7392
Silverbrook Automotive,Aisha Whitfield,Field Technician,aisha.whitfield@figma.com,https://www.figma.com,,89,"$12,992,131","Nashville, TN",,+1 855-201-7467
Ironclad Machining,Maria Delgado,Managing Director,maria504@mailinator.com,https://www.mailinator.com,Wholesale Distribution,,"$2,153,560","Tampa, FL",https://linkedin.com/in/maria-delgado-216,+1 268-952-5248
Harbor Automotive,James Bergstrom,"Vice President, Finance",james.bergstrom@wix.com,https://www.wix.com,Healthcare,8,"$1,100,168","Richmond, VA",,+1 607-856-8189
Foxglove Plumbing,Claire Whitfield,Founder,claire.whitfield@zoominfo.com,https://www.zoominfo.com,Wholesale Distribution,6559,"$704,633,370","Charlotte, NC",,
Silverbrook Electrical,Aisha Silva,Sales Representative,aisha.silva@shopify.com,https://www.shopify.com,Professional Services,5729,,"Kansas City, MO",https://linkedin.com/in/aisha-silva-219,+1 874-698-1218
Pinnacle Freight,Grace Ibrahim,CFO,grace@pinnacle-dental-grp.example,https://www.pinnacle-dental-grp.example,Automotive,162,"$47,590,416","Richmond, VA",,
Silverbrook Health Partners,Linda Ibrahim,President,linda.ibrahim@intuit.com,https://www.intuit.com,Industrial Services,5928,"$1,342,733,496","Charlotte, NC",https://linkedin.com/in/linda-ibrahim-221,
Northwind HVAC Services,Marcus Nakamura,Field Technician,contact@intuit.com,https://www.intuit.com,Facilities Management,17,,"Columbus, OH",https://linkedin.com/in/marcus-nakamura-222,
Cornerstone HVAC Services,Omar Mbeki,Operations Manager,omar.mbeki@datadoghq.com,https://www.datadoghq.com,Wholesale Distribution,4789,"$646,941,221","Columbus, OH",,+1 714-206-1738
Redwood Fabrication,Elena Petrov,Intern,info@twilio.com,https://www.twilio.com,Food & Beverage,8161,"$1,642,303,318","Charlotte, NC",https://linkedin.com/in/elena-petrov-224,+1 966-367-1819
Harbor Health Partners,Rachel Ahmed,COO,rachel.ahmed@squarespace.com,https://www.squarespace.com,Facilities Management,1381,"$334,043,185","Richmond, VA",https://linkedin.com/in/rachel-ahmed-225,+1 731-112-8380
Ironclad Fabrication,Thomas Lindqvist,Sales Representative,thomas@summit-logistics-llc.invalid,https://www.summit-logistics-llc.invalid,Healthcare,226,"$47,015,684","Kansas City, MO",,+1 375-154-3546
Tidewater Fabrication,Paul Sorensen,President,paul.sorensen@cloudflare.com,https://www.cloudflare.com,Healthcare,64,"$8,046,912","Phoenix, AZ",https://linkedin.com/in/paul-sorensen-227,+1 318-749-4978
Copperline HVAC Services,Claire Novak,Marketing Coordinator,claire.novak@digitalocean.com,https://www.digitalocean.com,Industrial Services,8284,"$907,884,980","Tampa, FL",https://linkedin.com/in/claire-novak-228,+1 781-371-5665
Harbor Dental Group,Priya Ahmed,,priya.ahmed@@atlassian.com,https://www.atlassian.com,Wholesale Distribution,2,,"Indianapolis, IN",https://linkedin.com/in/priya-ahmed-229,
Ironclad Dental Group,Omar Hartley,CFO,omar.hartley@intuit.com,https://www.intuit.com,Construction,162,,"Nashville, TN",https://linkedin.com/in/omar-hartley-230,
Kestrel Manufacturing,Elena Nakamura,,elena.nakamura@stripe.com,https://www.stripe.com,,157,"$18,852,560","Tampa, FL",https://linkedin.com/in/elena-nakamura-231,+1 901-209-6059
Ironclad Dental Group,Sarah Hartley,CFO,sarah.hartley@asana.com,https://www.asana.com,Manufacturing,21,,"Dallas, TX",https://linkedin.com/in/sarah-hartley-232,+1 571-496-8016
Ironclad Electrical,Maria Novak,Managing Director,maria.novak@shopify.com,https://www.shopify.com,Facilities Management,89,"$11,724,949","Kansas City, MO",https://linkedin.com/in/maria-novak-233,+1 893-987-8624
Blue Ridge Freight,Grace Ibrahim,"Vice President, Finance",grace.ibrahim@shopify.com,https://www.shopify.com,Construction,186,"$28,245,960","Dallas, TX",https://linkedin.com/in/grace-ibrahim-234,+1 957-512-6917
Blue Ridge Freight,Grace Ibrahim,"Vice President, Finance",grace.ibrahim@shopify.com,https://www.shopify.com,Construction,186,"$28,245,960","Dallas, TX",https://linkedin.com/in/grace-ibrahim-234,+1 957-512-6917
Silverbrook Automotive,Paul Hartley,Managing Director,paulhartley33@hotmail.com,https://www.hotmail.com,Food & Beverage,1,"$242,215","Indianapolis, IN",,+1 759-130-5359
Northwind Manufacturing,Marcus Ahmed,Operations Manager,marcus.ahmed@cloudflare.com,https://www.cloudflare.com,Logistics,192,"$33,955,200","Nashville, TN",https://linkedin.com/in/marcus-ahmed-236,
Redwood Industrial,Kevin Ibrahim,,kevin.ibrahim@digitalocean.com,https://www.digitalocean.com,Construction,123,"$36,089,307","Dallas, TX",,
Summit Packaging,,VP of Operations,james.chen@zoominfo.com,https://www.zoominfo.com,Construction,211,"$57,630,008","Indianapolis, IN",https://linkedin.com/in/james-chen-238,
Cornerstone Packaging,Robert Nakamura,Sales Representative,robert@pinnacle-dental-grp.example,https://www.pinnacle-dental-grp.example,Manufacturing,32,"$8,128,288","Phoenix, AZ",https://linkedin.com/in/robert-nakamura-239,+1 961-116-2960
Summit Electrical,Thomas Hartley,VP of Operations,thomas.hartley@datadoghq.com,https://www.datadoghq.com,Wholesale Distribution,148,,"Dallas, TX",https://linkedin.com/in/thomas-hartley-240,+1 975-989-9692
Summit Electrical,Thomas Hartley,VP of Operations,thomas.hartley@datadoghq.com,https://www.datadoghq.com,Wholesale Distribution,148,,"Dallas, TX",https://linkedin.com/in/thomas-hartley-240,+1 975-989-9692
Tidewater Dental Group,Linda Okonkwo,Director of Operations,linda@pinnacle-dental-grp.example,https://www.pinnacle-dental-grp.example,Facilities Management,56,"$14,474,208","Charlotte, NC",,+1 561-198-3600
Cornerstone Facilities,Nina Kowalski,General Manager,nina.kowalski@shopify.com,https://www.shopify.com,Professional Services,89,"$11,877,406","Charlotte, NC",https://linkedin.com/in/nina-kowalski-242,+1 908-498-5104
Cornerstone Manufacturing,Thomas Lindqvist,Managing Director,thomaslindqvist99@hotmail.com,https://www.hotmail.com,Construction,217,"$53,356,177","Nashville, TN",,+1 840-291-7604
Cornerstone Manufacturing,Thomas Lindqvist,Managing Director,thomaslindqvist99@hotmail.com,https://www.hotmail.com,Construction,217,"$53,356,177","Nashville, TN",,+1 840-291-7604
Redwood Health Partners,Priya Novak,Field Technician,priya.novak@digitalocean.com,https://www.digitalocean.com,Food & Beverage,39,,"Dallas, TX",,
Granite Distribution,Daniel Delgado,Sales Representative,daniel.delgado@shopify.com,https://www.shopify.com,Logistics,177,"$24,480,516","Indianapolis, IN",,
Blue Ridge Manufacturing,James Lindqvist,Sales Representative,james@acme-hvac-services.invalid,https://www.acme-hvac-services.invalid,Industrial Services,6,"$1,732,770","Nashville, TN",https://linkedin.com/in/james-lindqvist-246,
Copperline Machining,Elena Silva,Operations Manager,elena.silva@hubspot.com,https://www.hubspot.com,Food & Beverage,174,"$38,864,118","Nashville, TN",https://linkedin.com/in/elena-silva-247,
Copperline Machining,Elena Silva,Operations Manager,elena.silva@hubspot.com,https://www.hubspot.com,Food & Beverage,174,"$38,864,118","Nashville, TN",https://linkedin.com/in/elena-silva-247,
Foxglove HVAC Services,Omar Silva,Operations Analyst,info@asana.com,https://www.asana.com,Construction,8253,"$2,217,217,968","Dallas, TX",,
Tidewater Facilities,Robert Silva,CFO,robert.silva@godaddy.com,https://www.godaddy.com,Professional Services,5638,"$1,144,733,882","Charlotte, NC",https://linkedin.com/in/robert-silva-249,
Copperline Distribution,James Novak,Junior Accountant,jamesnovak88@hotmail.com,https://www.hotmail.com,Construction,4490,"$1,167,970,230","Phoenix, AZ",https://linkedin.com/in/james-novak-250,+1 799-639-3636
Harbor Dental Group,James Rasmussen,Chief Executive Officer,james.rasmussen@godaddy.com,https://www.godaddy.com,Industrial Services,103,"$10,924,901","Columbus, OH",https://linkedin.com/in/james-rasmussen-251,+1 607-604-7968
Meridian Logistics,James Gallagher,Operations Manager,jamesgallagher31@gmail.com,https://www.gmail.com,Food & Beverage,96,,"Nashville, TN",https://linkedin.com/in/james-gallagher-252,+1 380-707-5799
Foxglove Health Partners,David Lindqvist,,david@summit-logistics-llc.invalid,https://www.summit-logistics-llc.invalid,Construction,194,"$29,101,940","Charlotte, NC",https://linkedin.com/in/david-lindqvist-253,
Meridian Electrical,Aisha Chen,Operations Manager,,https://www.mailchimp.com,Industrial Services,,,"Kansas City, MO",https://linkedin.com/in/aisha-chen-254,
Ironclad Machining,Priya Gallagher,CFO,priya.gallagher@datadoghq.com,https://www.datadoghq.com,Healthcare,3781,"$866,522,018","Charlotte, NC",,
Kestrel Automotive,,Managing Director,support@gitlab.com,https://www.gitlab.com,Construction,3,,"Salt Lake City, UT",,
Blue Ridge Health Partners,Daniel Okonkwo,Co-Founder,daniel.okonkwo@atlassian.com,https://www.atlassian.com,Logistics,,"$50,179,251","Dallas, TX",,
Foxglove Manufacturing,Michael Ferreira,Director of IT,michael.ferreira@stripe.com,https://www.stripe.com,Logistics,7851,,"Dallas, TX",https://linkedin.com/in/michael-ferreira-258,+1 526-708-2401
Granite Plumbing,Sarah Ahmed,Chief Executive Officer,accounts@twilio.com,https://www.twilio.com,Professional Services,,"$45,308,160","Charlotte, NC",,
Cornerstone Freight,Claire Rasmussen,VP of Operations,claire.rasmussen@figma.com,https://www.figma.com,Food & Beverage,1,"$278,902","Indianapolis, IN",https://linkedin.com/in/claire-rasmussen-260,+1 353-650-3511
Harbor Health Partners,Nina Nakamura,Owner,sales@zendesk.com,https://www.zendesk.com,Logistics,2,"$472,270","Nashville, TN",https://linkedin.com/in/nina-nakamura-261,+1 642-982-6653
Cornerstone HVAC Services,Sarah Petrov,COO,sarah.petrov@atlassian.com,https://www.atlassian.com,Manufacturing,48,,"Phoenix, AZ",https://linkedin.com/in/sarah-petrov-262,+1 654-776-3830
Harbor Dental Group,James Nakamura,"Vice President, Finance",james@acme-hvac-services.invalid,https://www.acme-hvac-services.invalid,Manufacturing,3256,,"Kansas City, MO",https://linkedin.com/in/james-nakamura-263,
Granite Fabrication,Priya Mbeki,President,priya.mbeki@intuit.com,https://www.intuit.com,Construction,1589,"$328,041,105","Kansas City, MO",https://linkedin.com/in/priya-mbeki-264,+1 376-583-1667
Granite Fabrication,Priya Mbeki,President,priya.mbeki@intuit.com,https://www.intuit.com,Construction,1589,"$328,041,105","Kansas City, MO",https://linkedin.com/in/priya-mbeki-264,+1 376-583-1667
Meridian Distribution,James Sorensen,"Vice President, Finance",james536@yopmail.com,https://www.yopmail.com,Professional Services,36,"$4,654,296","Phoenix, AZ",https://linkedin.com/in/james-sorensen-265,+1 599-422-4597
Ironclad Manufacturing,Priya Okonkwo,"Vice President, Finance",priya.okonkwo@datadoghq.com,https://www.datadoghq.com,Professional Services,128,,"Columbus, OH",,+1 466-948-5375
Redwood Industrial,Omar Gallagher,,hello@asana.com,https://www.asana.com,Industrial Services,53,"$15,463,598","Nashville, TN",,+1 833-713-3655
Granite Dental Group,Paul Silva,Executive Assistant,paul504@yopmail.com,https://www.yopmail.com,Logistics,180,"$33,631,020","Nashville, TN",,
Blue Ridge Industrial,Sarah Bergstrom,Sales Representative,sarah.bergstrom@cloudflare.com,https://www.cloudflare.com,Logistics,3943,"$1,132,070,787","Nashville, TN",https://linkedin.com/in/sarah-bergstrom-269,+1 278-598-1384
Meridian Dental Group,,Executive Assistant,marcus.mbeki@intuit.com,https://www.intuit.com,Industrial Services,6146,,"Phoenix, AZ",,+1 843-295-8379
Blue Ridge Logistics,Priya Okonkwo,Head of Procurement,priya.okonkwo@digitalocean.com,https://www.digitalocean.com,Logistics,5695,,"Richmond, VA",https://linkedin.com/in/priya-okonkwo-271,
Silverbrook Industrial,Omar Ferreira,Operations Analyst,omarferreira89@hotmail.com,https://www.hotmail.com,Food & Beverage,85,"$24,370,605","Salt Lake City, UT",https://linkedin.com/in/omar-ferreira-272,+1 755-708-7284
Foxglove Automotive,Daniel Ibrahim,Founder,daniel.ibrahim@zoominfo.com,https://www.zoominfo.com,Wholesale Distribution,199,"$25,031,414","Salt Lake City, UT",https://linkedin.com/in/daniel-ibrahim-273,
Tidewater Facilities,Robert Hartley,Head of Procurement,robert.hartley@zoominfo.com,https://www.zoominfo.com,Logistics,,"$18,119,692","Dallas, TX",https://linkedin.com/in/robert-hartley-274,
Tidewater Packaging,Thomas Chen,Marketing Coordinator,thomas.chen@zendesk.com,https://www.zendesk.com,Facilities Management,160,,"Tampa, FL",https://linkedin.com/in/thomas-chen-275,+1 449-899-8675
Copperline HVAC Services,,Plant Manager,robert.okonkwo@mailchimp.com,https://www.mailchimp.com,Automotive,3285,"$858,597,165","Columbus, OH",https://linkedin.com/in/robert-okonkwo-276,+1 447-772-3137
Kestrel Facilities,Marcus Novak,General Manager,marcus.novak@figma.com,https://www.figma.com,Professional Services,68,"$8,753,776","Kansas City, MO",,+1 227-490-8614
Kestrel Facilities,Marcus Novak,General Manager,marcus.novak@figma.com,https://www.figma.com,Professional Services,68,"$8,753,776","Kansas City, MO",,+1 227-490-8614
Blue Ridge Automotive,,Co-Founder,michael.ibrahim@shopify.com,https://www.shopify.com,Logistics,2680,"$497,686,720","Phoenix, AZ",https://linkedin.com/in/michael-ibrahim-278,
Meridian HVAC Services,Kevin Silva,CFO,info@atlassian.com,https://www.atlassian.com,Industrial Services,9,"$1,779,795","Nashville, TN",https://linkedin.com/in/kevin-silva-279,
Northwind HVAC Services,Nina Bergstrom,CFO,ninabergstrom57@yahoo.com,https://www.yahoo.com,Logistics,760,"$222,103,920","Indianapolis, IN",https://linkedin.com/in/nina-bergstrom-280,
Meridian Facilities,Thomas Mbeki,Marketing Coordinator,thomas.mbeki@hubspot.com,https://www.hubspot.com,Manufacturing,100,"$15,839,800","Dallas, TX",,
Summit Electrical,Rachel Silva,Operations Manager,rachel.silva@squarespace.com,https://www.squarespace.com,Professional Services,205,"$52,978,150","Nashville, TN",https://linkedin.com/in/rachel-silva-282,+1 506-154-9691
Foxglove Health Partners,Elena Chen,Sales Representative,elena.chen@gitlab.com,https://www.gitlab.com,Facilities Management,214,"$40,413,258","Tampa, FL",https://linkedin.com/in/elena-chen-283,
Tidewater Electrical,Elena Mbeki,Intern,elena.mbeki@intuit.com,https://www.intuit.com,Food & Beverage,203,"$40,104,071","Columbus, OH",https://linkedin.com/in/elena-mbeki-284,+1 708-901-9295
Copperline Packaging,Aisha Ibrahim,Chief Executive Officer,,https://www.datadoghq.com,Logistics,60,"$13,418,580","Columbus, OH",,
Summit Manufacturing,Linda Mbeki,Co-Founder,linda.mbeki@mailchimp.com,https://www.mailchimp.com,,5592,,"Charlotte, NC",,
Meridian Health Partners,Claire Okonkwo,Executive Assistant,claire.okonkwo@@datadoghq.com,https://www.datadoghq.com,Wholesale Distribution,8952,"$2,440,136,160","Phoenix, AZ",https://linkedin.com/in/claire-okonkwo-287,+1 469-895-8571
Kestrel Packaging,Michael Hartley,Plant Manager,michael.hartley@salesforce.com,https://www.salesforce.com,Wholesale Distribution,158,,"Phoenix, AZ",https://linkedin.com/in/michael-hartley-288,+1 729-237-1409
Summit Facilities,Paul Ibrahim,Sales Representative,paul.ibrahim@datadoghq.com,https://www.datadoghq.com,Manufacturing,,,"Kansas City, MO",,+1 906-825-1533
Summit Industrial,Daniel Silva,Plant Manager,daniel@northwind-freight-co.example,https://www.northwind-freight-co.example,Automotive,,,"Dallas, TX",https://linkedin.com/in/daniel-silva-290,+1 522-845-6463
Granite Dental Group,Nina Ibrahim,Director of Operations,nina.ibrahim@@wix.com,https://www.wix.com,Healthcare,6119,"$643,694,324","Richmond, VA",https://linkedin.com/in/nina-ibrahim-291,+1 285-471-8628
Northwind Fabrication,Paul Delgado,Field Technician,paul.delgado@figma.com,https://www.figma.com,Logistics,125,,"Nashville, TN",,+1 879-436-1585
Tidewater Packaging,Marcus Ferreira,Director of IT,accounts@salesforce.com,https://www.salesforce.com,Automotive,8049,"$872,978,442","Charlotte, NC",https://linkedin.com/in/marcus-ferreira-293,+1 871-847-8214
Foxglove Fabrication,Michael Ibrahim,General Manager,michael.ibrahim@twilio.com,https://www.twilio.com,Professional Services,217,"$61,086,151","Columbus, OH",https://linkedin.com/in/michael-ibrahim-294,
Ironclad Automotive,Aisha Whitfield,Owner,aisha.whitfield@squarespace.com,https://www.squarespace.com,,117,"$27,419,184","Nashville, TN",https://linkedin.com/in/aisha-whitfield-295,+1 416-971-3667
Summit Freight,Nina Petrov,Head of Procurement,nina.petrov@zoominfo.com,https://www.zoominfo.com,Industrial Services,195,"$50,350,560","Salt Lake City, UT",,
Silverbrook Packaging,Linda Ahmed,CFO,sales@wix.com,https://www.wix.com,Facilities Management,118,,"Charlotte, NC",https://linkedin.com/in/linda-ahmed-297,
Tidewater Automotive,Elena Bergstrom,Operations Manager,elena.bergstrom@zendesk.com,https://www.zendesk.com,Manufacturing,190,"$36,396,590","Tampa, FL",https://linkedin.com/in/elena-bergstrom-298,+1 535-545-4654
Northwind Industrial,James Gallagher,VP of Operations,jamesgallagher44@yahoo.com,https://www.yahoo.com,Industrial Services,18,"$4,465,854","Nashville, TN",https://linkedin.com/in/james-gallagher-299,+1 434-558-4403
Cornerstone Facilities,Claire Vasquez,"Vice President, Finance",claire.vasquez@cloudflare.com,https://www.cloudflare.com,,114,"$18,439,614","Tampa, FL",https://linkedin.com/in/claire-vasquez-300,
Kestrel Distribution,Priya Okonkwo,CFO,priyaokonkwo15@outlook.com,https://www.outlook.com,Logistics,,"$19,897,883","Charlotte, NC",,+1 388-296-6072
Copperline Freight,Paul Silva,Head of Procurement,paul.silva@zoominfo.com,https://www.zoominfo.com,Automotive,5073,"$1,174,201,653","Richmond, VA",,+1 543-627-6164
Northwind Automotive,Claire Nakamura,General Manager,claire.nakamura@datadoghq.com,https://www.datadoghq.com,Industrial Services,2102,"$316,424,570","Indianapolis, IN",,+1 542-411-9166
Harbor Packaging,Rachel Okonkwo,Owner,rachel.okonkwo@shopify.com,https://www.shopify.com,Facilities Management,216,"$44,523,216","Kansas City, MO",,+1 731-578-9297
Meridian Packaging,Sarah Novak,Co-Founder,sarah.novak@atlassian.com,https://www.atlassian.com,Wholesale Distribution,,"$23,656,087","Kansas City, MO",,
Redwood HVAC Services,Nina Gallagher,Director of IT,accounts@zendesk.com,https://www.zendesk.com,Wholesale Distribution,1944,"$413,057,232","Nashville, TN",https://linkedin.com/in/nina-gallagher-306,+1 805-280-8257
Granite Freight,Elena Kowalski,Managing Director,elenakowalski94@yahoo.com,https://www.yahoo.com,Construction,2169,"$332,579,277","Phoenix, AZ",,
Cornerstone Manufacturing,Robert Nakamura,COO,sales@digitalocean.com,https://www.digitalocean.com,Industrial Services,108,"$21,769,776","Kansas City, MO",https://linkedin.com/in/robert-nakamura-308,
Copperline Industrial,Claire Ahmed,VP of Operations,claire@northwind-freight-co.example,https://www.northwind-freight-co.example,Manufacturing,200,"$59,036,600","Nashville, TN",https://linkedin.com/in/claire-ahmed-309,+1 796-475-9659
Foxglove Distribution,Linda Hartley,Chief Executive Officer,linda.hartley@asana.com,https://www.asana.com,,134,"$18,970,112","Tampa, FL",https://linkedin.com/in/linda-hartley-310,+1 948-281-5803
Foxglove Distribution,Linda Hartley,Chief Executive Officer,linda.hartley@asana.com,https://www.asana.com,,134,"$18,970,112","Tampa, FL",https://linkedin.com/in/linda-hartley-310,+1 948-281-5803
Northwind Facilities,Paul Chen,Junior Accountant,paulchen46@yahoo.com,https://www.yahoo.com,Facilities Management,912,,"Dallas, TX",,+1 470-316-4182
Granite Distribution,Aisha Okonkwo,Intern,aisha.okonkwo@datadoghq.com,https://www.datadoghq.com,Professional Services,24,"$2,827,392","Columbus, OH",https://linkedin.com/in/aisha-okonkwo-312,
Pinnacle Dental Group,,Intern,davidlindqvist17@hotmail.com,https://www.hotmail.com,Facilities Management,195,"$30,786,405","Charlotte, NC",https://linkedin.com/in/david-lindqvist-313,+1 868-435-5256
Tidewater Dental Group,Omar Ferreira,"Vice President, Finance",omarferreira88@yahoo.com,https://www.yahoo.com,Industrial Services,236,"$42,758,716","Richmond, VA",https://linkedin.com/in/omar-ferreira-314,+1 625-494-5015
Redwood Manufacturing,Daniel Ahmed,Executive Assistant,daniel@summit-logistics-llc.invalid,https://www.summit-logistics-llc.invalid,Logistics,99,"$12,555,873","Columbus, OH",https://linkedin.com/in/daniel-ahmed-315,
Cornerstone Packaging,Grace Petrov,Director of Operations,grace.petrov@zoominfo.com,https://www.zoominfo.com,Facilities Management,188,,"Kansas City, MO",,+1 731-373-1986
Kestrel Health Partners,Marcus Ahmed,VP of Operations,marcus.ahmed@godaddy.com,https://www.godaddy.com,,,"$21,244,442","Dallas, TX",,
Kestrel Health Partners,Marcus Ahmed,VP of Operations,marcus.ahmed@godaddy.com,https://www.godaddy.com,,,"$21,244,442","Dallas, TX",,
Harbor Electrical,Omar Ibrahim,Owner,omar.ibrahim@cloudflare.com,https://www.cloudflare.com,Logistics,8260,"$1,487,857,280","Salt Lake City, UT",,+1 808-267-6627
Granite Logistics,Priya Gallagher,Founder,priya@summit-logistics-llc.invalid,https://www.summit-logistics-llc.invalid,Food & Beverage,,"$62,850,816","Salt Lake City, UT",,
Redwood Electrical,Nina Mbeki,General Manager,nina.mbeki@intuit.com,https://www.intuit.com,Professional Services,126,"$28,126,224","Dallas, TX",,
Foxglove HVAC Services,Rachel Whitfield,,rachel204@yopmail.com,https://www.yopmail.com,Professional Services,3817,"$812,807,248","Richmond, VA",https://linkedin.com/in/rachel-whitfield-321,+1 246-753-3481
Ironclad Distribution,Omar Lindqvist,Director of IT,omar.lindqvist@godaddy.com,https://www.godaddy.com,Food & Beverage,120,,"Richmond, VA",,+1 391-256-4257
Kestrel Dental Group,Sarah Ahmed,Operations Analyst,sarah893@guerrillamail.com,https://www.guerrillamail.com,Automotive,204,"$59,760,576","Tampa, FL",https://linkedin.com/in/sarah-ahmed-323,+1 609-957-2982
Granite Machining,Priya Silva,Founder,priya.silva@squarespace.com,https://www.squarespace.com,Professional Services,3528,"$937,174,392","Indianapolis, IN",https://linkedin.com/in/priya-silva-324,+1 839-650-3650
Copperline Automotive,Paul Ahmed,Plant Manager,paul.ahmed@zoominfo.com,https://www.zoominfo.com,Manufacturing,166,"$49,730,280","Charlotte, NC",,
Foxglove Fabrication,Grace Sorensen,President,admin@asana.com,https://www.asana.com,Automotive,,"$22,671,572","Kansas City, MO",https://linkedin.com/in/grace-sorensen-326,+1 264-327-5619
Ironclad Plumbing,James Ferreira,Co-Founder,jamesferreira37@outlook.com,https://www.outlook.com,Food & Beverage,225,,"Indianapolis, IN",,+1 204-669-9934
Pinnacle Packaging,Maria Rasmussen,President,maria263@yopmail.com,https://www.yopmail.com,Food & Beverage,85,,"Richmond, VA",https://linkedin.com/in/maria-rasmussen-328,+1 383-470-6755
Kestrel Electrical,Daniel Hartley,General Manager,danielhartley44@gmail.com,https://www.gmail.com,Manufacturing,9190,"$2,218,410,860","Nashville, TN",https://linkedin.com/in/daniel-hartley-329,+1 306-565-7613
Copperline Health Partners,Thomas Bergstrom,Intern,thomas.bergstrom@digitalocean.com,https://www.digitalocean.com,Industrial Services,6713,"$1,363,698,959","Phoenix, AZ",https://linkedin.com/in/thomas-bergstrom-330,+1 840-484-6491
Redwood Dental Group,Grace Petrov,Director of Operations,gracepetrov35@outlook.com,https://www.outlook.com,Manufacturing,132,"$31,885,260","Indianapolis, IN",https://linkedin.com/in/grace-petrov-331,+1 477-621-1261
Harbor Packaging,Priya Whitfield,Founder,priya.whitfield@stripe.com,https://www.stripe.com,Food & Beverage,48,,"Salt Lake City, UT",https://linkedin.com/in/priya-whitfield-332,
Foxglove Health Partners,Nina Kowalski,CFO,ninakowalski38@hotmail.com,https://www.hotmail.com,Facilities Management,9,"$1,567,926","Kansas City, MO",,
Foxglove Distribution,Aisha Lindqvist,Head of Procurement,aisha.lindqvist@datadoghq.com,https://www.datadoghq.com,Facilities Management,184,"$34,017,184","Nashville, TN",,+1 435-943-9274
Meridian Health Partners,Omar Rasmussen,Director of IT,omar.rasmussen@cloudflare.com,https://www.cloudflare.com,Construction,1387,,"Richmond, VA",,
Pinnacle Freight,Kevin Ibrahim,Owner,kevinibrahim20@yahoo.com,https://www.yahoo.com,Facilities Management,16,"$3,060,736","Salt Lake City, UT",https://linkedin.com/in/kevin-ibrahim-336,+1 385-823-7782
Pinnacle Freight,Kevin Ibrahim,Owner,kevinibrahim20@yahoo.com,https://www.yahoo.com,Facilities Management,16,"$3,060,736","Salt Lake City, UT",https://linkedin.com/in/kevin-ibrahim-336,+1 385-823-7782
Kestrel Freight,Claire Sorensen,Founder,claire@pinnacle-dental-grp.example,https://www.pinnacle-dental-grp.example,Professional Services,4,"$721,632","Phoenix, AZ",,
Copperline Freight,,President,sarah.bergstrom@zendesk.com,https://www.zendesk.com,Automotive,7541,"$973,399,821","Nashville, TN",,+1 438-591-1284
Tidewater Industrial,Nina Kowalski,Plant Manager,hello@godaddy.com,https://www.godaddy.com,Manufacturing,8606,"$1,514,991,634","Dallas, TX",,
Foxglove Dental Group,Marcus Vasquez,Founder,marcusvasquez84@outlook.com,https://www.outlook.com,Manufacturing,2646,"$616,809,060","Columbus, OH",https://linkedin.com/in/marcus-vasquez-340,
Silverbrook Manufacturing,Grace Ahmed,Owner,grace@summit-logistics-llc.invalid,https://www.summit-logistics-llc.invalid,Food & Beverage,15,"$2,669,940","Nashville, TN",,+1 673-706-5959
Ironclad Machining,Robert Gallagher,President,robertgallagher30@outlook.com,https://www.outlook.com,Healthcare,89,"$11,185,075","Dallas, TX",https://linkedin.com/in/robert-gallagher-342,
Northwind Fabrication,Maria Ibrahim,Junior Accountant,maria.ibrahim@godaddy.com,https://www.godaddy.com,Food & Beverage,63,"$8,613,486","Richmond, VA",https://linkedin.com/in/maria-ibrahim-343,+1 404-575-8016
Cornerstone Manufacturing,Claire Ahmed,Field Technician,claire@northwind-freight-co.example,https://www.northwind-freight-co.example,Healthcare,,"$25,664,815","Phoenix, AZ",,
Blue Ridge Health Partners,James Lindqvist,General Manager,sales@cloudflare.com,https://www.cloudflare.com,Industrial Services,,"$980,430,920","Columbus, OH",https://linkedin.com/in/james-lindqvist-345,
Redwood Industrial,Elena Okonkwo,Director of Operations,elena.okonkwo@gitlab.com,https://www.gitlab.com,,9143,"$2,454,337,777","Indianapolis, IN",,
Summit Health Partners,Thomas Nakamura,Director of Operations,thomas.nakamura@intuit.com,https://www.intuit.com,Logistics,,"$2,251,788,480","Salt Lake City, UT",https://linkedin.com/in/thomas-nakamura-347,+1 331-148-5394
Ironclad Logistics,,Executive Assistant,sarah.silva@intuit.com,https://www.intuit.com,Automotive,116,"$11,648,488","Salt Lake City, UT",https://linkedin.com/in/sarah-silva-348,+1 289-351-8692
Ironclad Manufacturing,Elena Mbeki,Sales Representative,hello@datadoghq.com,https://www.datadoghq.com,Food & Beverage,242,"$32,125,016","Indianapolis, IN",https://linkedin.com/in/elena-mbeki-349,+1 882-886-6887
Redwood Automotive,Michael Chen,Marketing Coordinator,michael@acme-hvac-services.invalid,https://www.acme-hvac-services.invalid,Facilities Management,526,"$115,582,714","Charlotte, NC",https://linkedin.com/in/michael-chen-350,
Northwind HVAC Services,Robert Okonkwo,Managing Director,robertokonkwo40@gmail.com,https://www.gmail.com,Construction,213,"$24,371,886","Dallas, TX",,
Foxglove Distribution,Rachel Sorensen,Chief Executive Officer,rachel.sorensen@cloudflare.com,https://www.cloudflare.com,Automotive,64,"$14,911,296","Columbus, OH",,+1 889-850-3035
Summit Machining,Rachel Silva,Operations Manager,rachel.silva@gitlab.com,https://www.gitlab.com,Logistics,,"$40,938,141","Tampa, FL",https://linkedin.com/in/rachel-silva-353,+1 552-282-3935
Foxglove HVAC Services,David Ferreira,Plant Manager,david.ferreira@atlassian.com,https://www.atlassian.com,Professional Services,,"$450,162","Richmond, VA",https://linkedin.com/in/david-ferreira-354,+1 362-200-1400
Tidewater Logistics,Linda Rasmussen,Executive Assistant,,https://www.hubspot.com,Industrial Services,77,"$10,266,795","Columbus, OH",,+1 897-357-6662
Cornerstone Distribution,Daniel Sorensen,Founder,daniel@northwind-freight-co.example,https://www.northwind-freight-co.example,Healthcare,245,"$61,487,160","Dallas, TX",https://linkedin.com/in/daniel-sorensen-356,+1 694-564-8535
Meridian Health Partners,Michael Kowalski,,michael.kowalski@hubspot.com,https://www.hubspot.com,Professional Services,1049,"$170,599,919","Kansas City, MO",,+1 913-277-9092
Meridian Health Partners,Michael Kowalski,,michael.kowalski@hubspot.com,https://www.hubspot.com,Professional Services,1049,"$170,599,919","Kansas City, MO",,+1 913-277-9092
Pinnacle Manufacturing,Thomas Novak,"Vice President, Finance",thomas.novak@stripe.com,https://www.stripe.com,Wholesale Distribution,112,"$11,898,208","Kansas City, MO",https://linkedin.com/in/thomas-novak-358,
Granite Distribution,Kevin Ferreira,Head of Procurement,kevin.ferreira@notion.so,https://www.notion.so,Healthcare,99,,"Kansas City, MO",,+1 339-462-4808
Summit Dental Group,Sarah Petrov,President,sales@twilio.com,https://www.twilio.com,Automotive,228,,"Phoenix, AZ",https://linkedin.com/in/sarah-petrov-360,
Summit Dental Group,Sarah Petrov,President,sales@twilio.com,https://www.twilio.com,Automotive,228,,"Phoenix, AZ",https://linkedin.com/in/sarah-petrov-360,
Northwind Logistics,Marcus Lindqvist,Plant Manager,marcus535@mailinator.com,https://www.mailinator.com,Food & Beverage,2457,"$594,915,867","Charlotte, NC",https://linkedin.com/in/marcus-lindqvist-361,
Foxglove Dental Group,Kevin Rasmussen,Sales Representative,kevin.rasmussen@digitalocean.com,https://www.digitalocean.com,Professional Services,1685,"$332,479,145","Phoenix, AZ",https://linkedin.com/in/kevin-rasmussen-362,+1 566-859-7661
Kestrel Health Partners,Omar Kowalski,Operations Manager,omar.kowalski@mailchimp.com,https://www.mailchimp.com,Logistics,5,"$1,085,420","Dallas, TX",https://linkedin.com/in/omar-kowalski-363,
Kestrel Health Partners,Omar Kowalski,Operations Manager,omar.kowalski@mailchimp.com,https://www.mailchimp.com,Logistics,5,"$1,085,420","Dallas, TX",https://linkedin.com/in/omar-kowalski-363,
Northwind Manufacturing,Thomas Mbeki,VP of Operations,thomasmbeki23@yahoo.com,https://www.yahoo.com,Wholesale Distribution,78,"$11,060,868","Columbus, OH",,+1 448-516-2250
Cornerstone Health Partners,Marcus Delgado,COO,marcus.delgado@@notion.so,https://www.notion.so,Logistics,40,,"Salt Lake City, UT",https://linkedin.com/in/marcus-delgado-365,
Meridian Freight,,Plant Manager,,https://www.salesforce.com,Logistics,,"$17,695,104","Columbus, OH",https://linkedin.com/in/rachel-ibrahim-366,+1 305-160-7646
Summit Facilities,Priya Silva,Plant Manager,priya.silva@zendesk.com,https://www.zendesk.com,Wholesale Distribution,1,"$140,648","Indianapolis, IN",,+1 230-937-4529
Meridian Facilities,Rachel Delgado,Junior Accountant,rachel.delgado@figma.com,https://www.figma.com,Wholesale Distribution,8781,"$1,769,301,252","Indianapolis, IN",https://linkedin.com/in/rachel-delgado-368,
Redwood Packaging,Thomas Hartley,Head of Procurement,,https://www.zoominfo.com,Automotive,70,"$14,341,390","Nashville, TN",https://linkedin.com/in/thomas-hartley-369,
Granite Plumbing,Robert Okonkwo,Founder,robert.okonkwo@zendesk.com,https://www.zendesk.com,Logistics,229,,"Indianapolis, IN",https://linkedin.com/in/robert-okonkwo-370,+1 438-146-7923
Cornerstone Dental Group,Priya Nakamura,Operations Analyst,priya.nakamura@squarespace.com,https://www.squarespace.com,Food & Beverage,147,"$43,456,581","Salt Lake City, UT",https://linkedin.com/in/priya-nakamura-371,
Foxglove Plumbing,Priya Novak,"Vice President, Finance",priya374@guerrillamail.com,https://www.guerrillamail.com,Healthcare,9,"$1,212,912","Richmond, VA",,+1 855-998-6275
Tidewater Freight,Omar Ahmed,Operations Manager,omar@acme-hvac-services.invalid,https://www.acme-hvac-services.invalid,Logistics,93,"$22,054,299","Indianapolis, IN",https://linkedin.com/in/omar-ahmed-373,
Copperline Dental Group,Claire Nakamura,Managing Director,claire@acme-hvac-services.invalid,https://www.acme-hvac-services.invalid,Manufacturing,,"$30,299,412","Charlotte, NC",https://linkedin.com/in/claire-nakamura-374,+1 695-165-4777
Tidewater Logistics,Claire Chen,VP of Operations,claire.chen@intuit.com,https://www.intuit.com,Wholesale Distribution,4393,"$1,159,409,346","Dallas, TX",https://linkedin.com/in/claire-chen-375,+1 279-331-1131
Northwind Manufacturing,Grace Ibrahim,Marketing Coordinator,grace.ibrahim@@wix.com,https://www.wix.com,Logistics,166,"$18,157,246","Salt Lake City, UT",,+1 554-732-7958
Foxglove Logistics,Kevin Novak,Owner,kevinnovak77@yahoo.com,https://www.yahoo.com,Healthcare,5724,"$1,594,551,852","Richmond, VA",,
Copperline Packaging,Nina Gallagher,Plant Manager,info@figma.com,https://www.figma.com,Manufacturing,181,,"Kansas City, MO",https://linkedin.com/in/nina-gallagher-378,
Pinnacle Packaging,Nina Novak,,nina@northwind-freight-co.example,https://www.northwind-freight-co.example,Construction,171,,"Tampa, FL",https://linkedin.com/in/nina-novak-379,+1 964-379-9732
Pinnacle Packaging,Nina Novak,,nina@northwind-freight-co.example,https://www.northwind-freight-co.example,Construction,171,,"Tampa, FL",https://linkedin.com/in/nina-novak-379,+1 964-379-9732
Ironclad Electrical,Elena Petrov,Co-Founder,elena.petrov@cloudflare.com,https://www.cloudflare.com,Logistics,172,"$43,243,724","Phoenix, AZ",https://linkedin.com/in/elena-petrov-380,+1 231-217-9544
Redwood Plumbing,Aisha Bergstrom,Director of IT,accounts@datadoghq.com,https://www.datadoghq.com,Industrial Services,54,"$8,331,660","Dallas, TX",https://linkedin.com/in/aisha-bergstrom-381,+1 233-368-1984
Meridian Industrial,,Head of Procurement,kevin.mbeki@@asana.com,https://www.asana.com,Professional Services,2,"$589,154","Richmond, VA",https://linkedin.com/in/kevin-mbeki-382,+1 264-758-2149
Copperline Machining,,CFO,priyasorensen89@yahoo.com,https://www.yahoo.com,Facilities Management,210,"$31,458,840","Richmond, VA",https://linkedin.com/in/priya-sorensen-383,+1 979-109-5971
Ironclad Logistics,Priya Okonkwo,Director of Operations,priya.okonkwo@intuit.com,https://www.intuit.com,Food & Beverage,195,"$25,310,025","Richmond, VA",https://linkedin.com/in/priya-okonkwo-384,+1 377-228-8700
Cornerstone Logistics,Thomas Petrov,Co-Founder,thomas.petrov@atlassian.com,https://www.atlassian.com,Manufacturing,,,"Dallas, TX",https://linkedin.com/in/thomas-petrov-385,+1 533-643-6384
Meridian Electrical,Rachel Ibrahim,Founder,rachel.ibrahim@shopify.com,https://www.shopify.com,Professional Services,1,"$125,230","Phoenix, AZ",https://linkedin.com/in/rachel-ibrahim-386,
Foxglove HVAC Services,Omar Gallagher,Junior Accountant,omar.gallagher@digitalocean.com,https://www.digitalocean.com,Logistics,176,,"Tampa, FL",https://linkedin.com/in/omar-gallagher-387,
Tidewater Distribution,Maria Vasquez,Field Technician,maria.vasquez@zendesk.com,https://www.zendesk.com,,56,,"Charlotte, NC",,+1 531-301-5740
Northwind Distribution,Grace Silva,COO,,https://www.intuit.com,Professional Services,196,"$45,922,996","Salt Lake City, UT",,
Pinnacle Electrical,Paul Petrov,VP of Operations,paul.petrov@atlassian.com,https://www.atlassian.com,Wholesale Distribution,3,,"Richmond, VA",,+1 474-793-5432
Meridian Packaging,Linda Ferreira,Director of IT,linda.ferreira@wix.com,https://www.wix.com,Manufacturing,249,"$39,237,420","Dallas, TX",https://linkedin.com/in/linda-ferreira-391,
Kestrel Plumbing,Rachel Ferreira,Director of Operations,rachelferreira82@hotmail.com,https://www.hotmail.com,Industrial Services,,"$22,033,425","Salt Lake City, UT",,+1 889-655-7671
Kestrel Industrial,Linda Chen,Junior Accountant,linda@summit-logistics-llc.invalid,https://www.summit-logistics-llc.invalid,Logistics,196,"$28,683,228","Dallas, TX",,
Blue Ridge Plumbing,Michael Kowalski,Chief Executive Officer,michael.kowalski@gitlab.com,https://www.gitlab.com,Facilities Management,,"$18,216,065","Nashville, TN",,+1 712-440-6284
Cornerstone Plumbing,David Ferreira,Owner,davidferreira63@yahoo.com,https://www.yahoo.com,Construction,16,"$2,894,688","Nashville, TN",,+1 658-793-6390
Blue Ridge Dental Group,Rachel Lindqvist,Head of Procurement,rachel.lindqvist@stripe.com,https://www.stripe.com,Logistics,82,"$13,075,556","Richmond, VA",https://linkedin.com/in/rachel-lindqvist-396,+1 479-748-4560
Cornerstone Machining,Rachel Bergstrom,CFO,rachel70@mailinator.com,https://www.mailinator.com,Logistics,33,"$6,398,535","Nashville, TN",https://linkedin.com/in/rachel-bergstrom-397,
Kestrel Machining,Marcus Ahmed,Director of IT,marcus.ahmed@zoominfo.com,https://www.zoominfo.com,Manufacturing,151,"$20,214,521","Columbus, OH",https://linkedin.com/in/marcus-ahmed-398,
Redwood Manufacturing,Omar Delgado,General Manager,omar.delgado@atlassian.com,https://www.atlassian.com,,1061,"$115,106,829","Kansas City, MO",,
Pinnacle HVAC Services,,Director of IT,elenakowalski47@outlook.com,https://www.outlook.com,Automotive,96,"$11,968,992","Dallas, TX",https://linkedin.com/in/elena-kowalski-400,
Tidewater Facilities,Aisha Lindqvist,General Manager,aisha.lindqvist@cloudflare.com,https://www.cloudflare.com,Food & Beverage,54,,"Nashville, TN",https://linkedin.com/in/aisha-lindqvist-401,+1 441-616-5114
Foxglove Manufacturing,Daniel Gallagher,VP of Operations,daniel.gallagher@intuit.com,https://www.intuit.com,Industrial Services,100,"$22,299,500","Columbus, OH",,
Pinnacle Machining,,Owner,omar.hartley@figma.com,https://www.figma.com,Manufacturing,57,,"Nashville, TN",,+1 268-364-2118
Pinnacle Manufacturing,Daniel Vasquez,Founder,support@godaddy.com,https://www.godaddy.com,,66,"$17,611,044","Columbus, OH",https://linkedin.com/in/daniel-vasquez-404,+1 478-803-1750
Summit HVAC Services,Rachel Gallagher,President,rachelgallagher47@gmail.com,https://www.gmail.com,Wholesale Distribution,162,"$46,606,428","Charlotte, NC",https://linkedin.com/in/rachel-gallagher-405,
Northwind Distribution,,Chief Executive Officer,daniel.kowalski@hubspot.com,https://www.hubspot.com,Construction,,"$1,076,699,789","Salt Lake City, UT",,+1 387-916-5982
Harbor Manufacturing,James Gallagher,,james.gallagher@gitlab.com,https://www.gitlab.com,Professional Services,207,"$36,714,555","Tampa, FL",https://linkedin.com/in/james-gallagher-407,
Summit Automotive,Elena Silva,Owner,elena.silva@datadoghq.com,https://www.datadoghq.com,Wholesale Distribution,72,"$11,288,592","Salt Lake City, UT",,
Copperline Dental Group,Elena Mbeki,COO,elena.mbeki@zoominfo.com,https://www.zoominfo.com,Logistics,219,"$24,961,620","Indianapolis, IN",,+1 838-830-9025
Summit Fabrication,Paul Okonkwo,Director of Operations,paul@summit-logistics-llc.invalid,https://www.summit-logistics-llc.invalid,Industrial Services,6724,"$1,965,647,092","Richmond, VA",,
Summit Machining,Aisha Ahmed,Managing Director,aisha.ahmed@@hubspot.com,https://www.hubspot.com,,,"$1,099,699,702","Indianapolis, IN",https://linkedin.com/in/aisha-ahmed-411,+1 648-678-8181
Harbor Automotive,Daniel Lindqvist,Head of Procurement,daniel.lindqvist@twilio.com,https://www.twilio.com,,202,,"Charlotte, NC",,
Tidewater Logistics,Omar Mbeki,Intern,omar.mbeki@shopify.com,https://www.shopify.com,Food & Beverage,4438,"$546,624,022","Phoenix, AZ",https://linkedin.com/in/omar-mbeki-413,+1 469-931-6116
Foxglove Plumbing,,Plant Manager,thomas.chen@squarespace.com,https://www.squarespace.com,Automotive,15,"$2,457,075","Kansas City, MO",,+1 636-309-7790
Northwind Facilities,Nina Nakamura,Chief Executive Officer,nina.nakamura@wix.com,https://www.wix.com,Manufacturing,8,"$1,095,528","Richmond, VA",,+1 459-358-1583
Tidewater Logistics,Maria Petrov,Junior Accountant,mariapetrov43@yahoo.com,https://www.yahoo.com,Professional Services,3217,"$795,959,791","Charlotte, NC",https://linkedin.com/in/maria-petrov-416,+1 442-442-8064
Blue Ridge Automotive,David Nakamura,CFO,david@northwind-freight-co.example,https://www.northwind-freight-co.example,Manufacturing,196,"$21,281,288","Charlotte, NC",,
Northwind Industrial,Marcus Okonkwo,Chief Executive Officer,marcus.okonkwo@zendesk.com,https://www.zendesk.com,Healthcare,94,"$27,365,656","Nashville, TN",https://linkedin.com/in/marcus-okonkwo-418,+1 946-255-9312
Redwood Freight,Maria Sorensen,Founder,maria.sorensen@atlassian.com,https://www.atlassian.com,Construction,,,"Richmond, VA",https://linkedin.com/in/maria-sorensen-419,+1 692-218-2664
Copperline Health Partners,Priya Mbeki,Director of Operations,,https://www.hubspot.com,,4,"$409,032","Richmond, VA",https://linkedin.com/in/priya-mbeki-420,
Northwind Freight,,Marketing Coordinator,kevin@summit-logistics-llc.invalid,https://www.summit-logistics-llc.invalid,Professional Services,,"$16,773,358","Dallas, TX",,+1 799-965-9806
Blue Ridge Health Partners,Priya Rasmussen,Director of Operations,priya.rasmussen@atlassian.com,https://www.atlassian.com,Construction,137,"$34,149,168","Phoenix, AZ",https://linkedin.com/in/priya-rasmussen-422,
Redwood Dental Group,Daniel Gallagher,,daniel.gallagher@shopify.com,https://www.shopify.com,Industrial Services,5,"$1,099,975","Nashville, TN",https://linkedin.com/in/daniel-gallagher-423,
Ironclad Health Partners,Omar Chen,CFO,hello@gitlab.com,https://www.gitlab.com,Construction,136,"$18,852,592","Charlotte, NC",,
Ironclad Health Partners,Omar Chen,CFO,hello@gitlab.com,https://www.gitlab.com,Construction,136,"$18,852,592","Charlotte, NC",,
Pinnacle Plumbing,James Vasquez,Co-Founder,jamesvasquez76@hotmail.com,https://www.hotmail.com,Professional Services,110,"$18,438,310","Indianapolis, IN",,+1 466-729-9731
Cornerstone Manufacturing,Kevin Okonkwo,Junior Accountant,support@godaddy.com,https://www.godaddy.com,Professional Services,115,"$28,595,900","Nashville, TN",https://linkedin.com/in/kevin-okonkwo-426,
Meridian HVAC Services,Michael Nakamura,Co-Founder,michael.nakamura@@datadoghq.com,https://www.datadoghq.com,Healthcare,,"$1,728,062,270","Richmond, VA",https://linkedin.com/in/michael-nakamura-427,+1 625-516-3220
Harbor Freight,Nina Chen,,nina.chen@intuit.com,https://www.intuit.com,Facilities Management,221,"$28,391,207","Tampa, FL",https://linkedin.com/in/nina-chen-428,
Foxglove Facilities,Daniel Petrov,,contact@notion.so,https://www.notion.so,Manufacturing,240,"$46,072,320","Salt Lake City, UT",,+1 330-952-5177
Silverbrook Dental Group,Aisha Mbeki,,aisha.mbeki@figma.com,https://www.figma.com,Industrial Services,3512,"$873,220,168","Nashville, TN",https://linkedin.com/in/aisha-mbeki-430,+1 875-207-4776
Summit Plumbing,Aisha Delgado,Head of Procurement,aisha.delgado@twilio.com,https://www.twilio.com,Healthcare,8244,"$2,034,338,904","Charlotte, NC",,+1 892-356-9001
Silverbrook Industrial,Sarah Hartley,COO,sarah.hartley@twilio.com,https://www.twilio.com,Automotive,8993,"$2,029,378,366","Dallas, TX",https://linkedin.com/in/sarah-hartley-432,+1 705-953-3171
Meridian Health Partners,Omar Okonkwo,Intern,support@datadoghq.com,https://www.datadoghq.com,Construction,93,"$24,724,608","Dallas, TX",https://linkedin.com/in/omar-okonkwo-433,
Cornerstone Packaging,Claire Ibrahim,Operations Manager,admin@wix.com,https://www.wix.com,Food & Beverage,206,"$31,752,634","Tampa, FL",https://linkedin.com/in/claire-ibrahim-434,
Granite Logistics,Thomas Okonkwo,General Manager,thomasokonkwo22@gmail.com,https://www.gmail.com,Construction,3231,"$455,276,979","Phoenix, AZ",https://linkedin.com/in/thomas-okonkwo-435,+1 702-207-6593
Ironclad Plumbing,Omar Petrov,Owner,omar.petrov@digitalocean.com,https://www.digitalocean.com,Automotive,187,"$45,367,135","Richmond, VA",https://linkedin.com/in/omar-petrov-436,
Foxglove Freight,Robert Kowalski,Sales Representative,robert@northwind-freight-co.example,https://www.northwind-freight-co.example,Food & Beverage,1751,"$487,553,693","Tampa, FL",,+1 529-101-3088
Copperline Manufacturing,David Petrov,,david.petrov@hubspot.com,https://www.hubspot.com,Wholesale Distribution,220,"$48,797,980","Salt Lake City, UT",https://linkedin.com/in/david-petrov-438,+1 914-174-9509
Northwind Plumbing,Elena Sorensen,Intern,elenasorensen17@yahoo.com,https://www.yahoo.com,Food & Beverage,120,"$27,053,520","Salt Lake City, UT",,
Redwood Freight,Priya Silva,Director of IT,,https://www.datadoghq.com,Healthcare,165,"$33,150,150","Phoenix, AZ",https://linkedin.com/in/priya-silva-440,+1 675-701-1612
Silverbrook Plumbing,Priya Ferreira,Sales Representative,priya@northwind-freight-co.example,https://www.northwind-freight-co.example,Professional Services,145,"$20,677,725","Columbus, OH",https://linkedin.com/in/priya-ferreira-441,
Northwind HVAC Services,Kevin Bergstrom,Co-Founder,kevin.bergstrom@@cloudflare.com,https://www.cloudflare.com,Professional Services,9,"$944,100","Indianapolis, IN",https://linkedin.com/in/kevin-bergstrom-442,
Ironclad Packaging,Nina Nakamura,Head of Procurement,nina@northwind-freight-co.example,https://www.northwind-freight-co.example,Logistics,144,,"Charlotte, NC",https://linkedin.com/in/nina-nakamura-443,
Cornerstone Automotive,Claire Whitfield,President,clairewhitfield59@yahoo.com,https://www.yahoo.com,Professional Services,6173,"$1,741,724,296","Charlotte, NC",,
Blue Ridge Automotive,James Chen,President,james.chen@cloudflare.com,https://www.cloudflare.com,Manufacturing,115,"$30,891,760","Indianapolis, IN",https://linkedin.com/in/james-chen-445,
Granite Manufacturing,Marcus Whitfield,Managing Director,marcus@northwind-freight-co.example,https://www.northwind-freight-co.example,,138,"$39,638,430","Dallas, TX",https://linkedin.com/in/marcus-whitfield-446,+1 601-288-4008
Cornerstone Logistics,Rachel Petrov,President,rachel.petrov@asana.com,https://www.asana.com,Professional Services,6300,"$1,697,906,700","Dallas, TX",,+1 658-359-3086
Granite Industrial,Nina Hartley,Field Technician,admin@zendesk.com,https://www.zendesk.com,Industrial Services,,"$1,176,067,728","Tampa, FL",https://linkedin.com/in/nina-hartley-448,
Tidewater Manufacturing,,VP of Operations,omar@pinnacle-dental-grp.example,https://www.pinnacle-dental-grp.example,Facilities Management,103,,"Kansas City, MO",https://linkedin.com/in/omar-gallagher-449,+1 856-825-3624
Copperline Machining,Michael Okonkwo,,michael.okonkwo@stripe.com,https://www.stripe.com,Logistics,1202,"$304,398,086","Phoenix, AZ",,+1 266-855-4021
Harbor Machining,Elena Ibrahim,Owner,elena.ibrahim@zendesk.com,https://www.zendesk.com,Professional Services,212,,"Phoenix, AZ",https://linkedin.com/in/elena-ibrahim-451,+1 899-113-1072
Copperline Machining,Rachel Whitfield,Managing Director,rachel.whitfield@salesforce.com,https://www.salesforce.com,Healthcare,106,"$10,844,436","Kansas City, MO",https://linkedin.com/in/rachel-whitfield-452,+1 608-527-9019
Granite Industrial,Linda Bergstrom,General Manager,linda.bergstrom@shopify.com,https://www.shopify.com,,107,"$19,759,476","Indianapolis, IN",,
Northwind Electrical,Omar Nakamura,Chief Executive Officer,,https://www.stripe.com,Facilities Management,8373,"$2,231,647,317","Indianapolis, IN",https://linkedin.com/in/omar-nakamura-454,+1 340-826-4417
Cornerstone Facilities,,,omar.whitfield@squarespace.com,https://www.squarespace.com,Food & Beverage,123,"$26,519,046","Richmond, VA",https://linkedin.com/in/omar-whitfield-455,
Northwind HVAC Services,Aisha Ahmed,President,aishaahmed13@gmail.com,https://www.gmail.com,Automotive,6646,,"Charlotte, NC",,
Cornerstone Plumbing,Elena Whitfield,Managing Director,elena.whitfield@datadoghq.com,https://www.datadoghq.com,Manufacturing,134,"$18,552,568","Phoenix, AZ",https://linkedin.com/in/elena-whitfield-457,
Pinnacle Plumbing,Aisha Mbeki,President,aisha.mbeki@datadoghq.com,https://www.datadoghq.com,Industrial Services,155,"$18,705,865","Kansas City, MO",,
Copperline HVAC Services,Thomas Petrov,,accounts@digitalocean.com,https://www.digitalocean.com,Construction,105,"$16,341,150","Salt Lake City, UT",https://linkedin.com/in/thomas-petrov-459,
Tidewater Manufacturing,Marcus Okonkwo,,contact@zendesk.com,https://www.zendesk.com,Healthcare,141,"$19,792,311","Kansas City, MO",https://linkedin.com/in/marcus-okonkwo-460,+1 951-448-5927
Blue Ridge Packaging,Maria Whitfield,Marketing Coordinator,,https://www.hubspot.com,Wholesale Distribution,51,"$7,627,254","Nashville, TN",https://linkedin.com/in/maria-whitfield-461,
Silverbrook Fabrication,Thomas Petrov,COO,thomas.petrov@datadoghq.com,https://www.datadoghq.com,Logistics,8,"$2,195,888","Phoenix, AZ",https://linkedin.com/in/thomas-petrov-462,+1 899-552-6261
Kestrel Freight,,Managing Director,marcus.bergstrom@notion.so,https://www.notion.so,Professional Services,114,"$16,816,482","Nashville, TN",https://linkedin.com/in/marcus-bergstrom-463,
Meridian Logistics,,President,elena.silva@hubspot.com,https://www.hubspot.com,Food & Beverage,3373,"$681,730,522","Phoenix, AZ",https://linkedin.com/in/elena-silva-464,+1 617-461-2614
Redwood Distribution,,"Vice President, Finance",paul.whitfield@cloudflare.com,https://www.cloudflare.com,Automotive,22,"$2,824,602","Indianapolis, IN",,
Copperline Plumbing,Thomas Petrov,,thomas.petrov@@wix.com,https://www.wix.com,Food & Beverage,3485,"$573,533,420","Dallas, TX",https://linkedin.com/in/thomas-petrov-466,+1 238-870-2799
Copperline Electrical,Nina Gallagher,Intern,nina.gallagher@salesforce.com,https://www.salesforce.com,Automotive,219,"$40,974,681","Columbus, OH",https://linkedin.com/in/nina-gallagher-467,+1 672-497-1863
Silverbrook Health Partners,Thomas Delgado,Owner,thomas.delgado@hubspot.com,https://www.hubspot.com,Industrial Services,97,,"Richmond, VA",,+1 771-183-2260
Meridian HVAC Services,Rachel Lindqvist,Intern,hello@godaddy.com,https://www.godaddy.com,Industrial Services,153,"$40,039,794","Kansas City, MO",https://linkedin.com/in/rachel-lindqvist-469,
Cornerstone Machining,Claire Sorensen,Head of Procurement,claire@summit-logistics-llc.invalid,https://www.summit-logistics-llc.invalid,Facilities Management,145,,"Charlotte, NC",,+1 732-421-2472
Harbor Machining,Omar Bergstrom,Operations Manager,omar.bergstrom@datadoghq.com,https://www.datadoghq.com,Manufacturing,168,,"Richmond, VA",https://linkedin.com/in/omar-bergstrom-471,
Harbor Machining,Omar Bergstrom,Operations Manager,omar.bergstrom@datadoghq.com,https://www.datadoghq.com,Manufacturing,168,,"Richmond, VA",https://linkedin.com/in/omar-bergstrom-471,
Silverbrook Fabrication,Rachel Chen,Co-Founder,rachel.chen@hubspot.com,https://www.hubspot.com,Automotive,,"$890,140,440","Nashville, TN",,+1 824-524-1056
Redwood Dental Group,Paul Silva,CFO,paul.silva@cloudflare.com,https://www.cloudflare.com,Food & Beverage,,"$15,582,120","Dallas, TX",,
Kestrel Facilities,Nina Hartley,Chief Executive Officer,nina.hartley@digitalocean.com,https://www.digitalocean.com,Logistics,113,,"Nashville, TN",https://linkedin.com/in/nina-hartley-474,+1 539-218-3653
Pinnacle Logistics,Sarah Petrov,CFO,sarah514@yopmail.com,https://www.yopmail.com,Food & Beverage,,"$2,208,590","Charlotte, NC",,
Copperline Industrial,Rachel Whitfield,Managing Director,rachel.whitfield@cloudflare.com,https://www.cloudflare.com,Construction,8,,"Columbus, OH",https://linkedin.com/in/rachel-whitfield-476,
Meridian Logistics,Grace Mbeki,,accounts@intuit.com,https://www.intuit.com,Wholesale Distribution,164,"$45,159,040","Richmond, VA",https://linkedin.com/in/grace-mbeki-477,
Foxglove Fabrication,Claire Kowalski,General Manager,claire899@guerrillamail.com,https://www.guerrillamail.com,Logistics,4089,"$1,040,564,631","Richmond, VA",https://linkedin.com/in/claire-kowalski-478,
Kestrel Distribution,Linda Nakamura,Managing Director,info@datadoghq.com,https://www.datadoghq.com,Wholesale Distribution,149,"$27,310,061","Kansas City, MO",,+1 417-565-4518
Blue Ridge Distribution,James Nakamura,,james@acme-hvac-services.invalid,https://www.acme-hvac-services.invalid,Manufacturing,89,,"Phoenix, AZ",https://linkedin.com/in/james-nakamura-480,
Pinnacle HVAC Services,Daniel Novak,Co-Founder,daniel.novak@atlassian.com,https://www.atlassian.com,Industrial Services,41,,"Columbus, OH",https://linkedin.com/in/daniel-novak-481,+1 823-286-4705
Granite Distribution,Michael Chen,Plant Manager,michael.chen@zendesk.com,https://www.zendesk.com,Automotive,3,"$576,945","Indianapolis, IN",https://linkedin.com/in/michael-chen-482,+1 594-682-5496
Foxglove Facilities,,General Manager,michael.ibrahim@@gitlab.com,https://www.gitlab.com,Manufacturing,171,"$29,476,809","Phoenix, AZ",,
Granite Plumbing,Priya Vasquez,General Manager,contact@shopify.com,https://www.shopify.com,Wholesale Distribution,125,,"Nashville, TN",,+1 429-485-4211
Foxglove Logistics,Omar Novak,CFO,omar.novak@asana.com,https://www.asana.com,Industrial Services,168,"$34,068,384","Phoenix, AZ",https://linkedin.com/in/omar-novak-485,+1 688-966-3437
Blue Ridge Machining,Paul Ferreira,Executive Assistant,paul.ferreira@shopify.com,https://www.shopify.com,Automotive,3,"$312,540","Tampa, FL",https://linkedin.com/in/paul-ferreira-486,
Northwind Health Partners,Aisha Chen,Director of Operations,aisha@pinnacle-dental-grp.example,https://www.pinnacle-dental-grp.example,Food & Beverage,9,"$1,686,843","Indianapolis, IN",https://linkedin.com/in/aisha-chen-487,+1 275-715-2168
Silverbrook Health Partners,Rachel Delgado,General Manager,rachel.delgado@intuit.com,https://www.intuit.com,Manufacturing,83,"$11,369,174","Richmond, VA",https://linkedin.com/in/rachel-delgado-488,+1 381-993-1612
Summit Industrial,Thomas Lindqvist,,thomas@northwind-freight-co.example,https://www.northwind-freight-co.example,Manufacturing,129,"$13,681,998","Tampa, FL",https://linkedin.com/in/thomas-lindqvist-489,
Harbor Fabrication,Linda Petrov,Field Technician,linda.petrov@squarespace.com,https://www.squarespace.com,Facilities Management,91,"$11,734,177","Salt Lake City, UT",,+1 613-186-1941
Blue Ridge Dental Group,Elena Hartley,"Vice President, Finance",elena.hartley@zoominfo.com,https://www.zoominfo.com,Construction,152,"$41,816,568","Phoenix, AZ",,+1 594-383-8051
Granite Dental Group,Aisha Rasmussen,Owner,aisha.rasmussen@intuit.com,https://www.intuit.com,Facilities Management,8,"$906,368","Salt Lake City, UT",https://linkedin.com/in/aisha-rasmussen-492,+1 360-313-8275
Redwood Logistics,Aisha Gallagher,Junior Accountant,aisha.gallagher@asana.com,https://www.asana.com,Healthcare,8165,"$1,593,073,150","Richmond, VA",,+1 240-736-9514
Ironclad Packaging,Marcus Petrov,Co-Founder,marcus.petrov@wix.com,https://www.wix.com,Facilities Management,142,"$30,331,910","Salt Lake City, UT",,+1 863-732-8487
Harbor Fabrication,,COO,elena.lindqvist@gitlab.com,https://www.gitlab.com,Logistics,42,"$5,042,100","Indianapolis, IN",https://linkedin.com/in/elena-lindqvist-495,
Tidewater Electrical,Aisha Bergstrom,Owner,support@figma.com,https://www.figma.com,Food & Beverage,70,"$8,399,440","Phoenix, AZ",,+1 612-291-5977
Kestrel Freight,Elena Lindqvist,,elena.lindqvist@godaddy.com,https://www.godaddy.com,Facilities Management,170,"$36,840,360","Salt Lake City, UT",https://linkedin.com/in/elena-lindqvist-497,+1 238-534-6497
Summit Machining,Elena Novak,,elena.novak@digitalocean.com,https://www.digitalocean.com,Facilities Management,23,"$3,874,166","Charlotte, NC",https://linkedin.com/in/elena-novak-498,
Northwind Dental Group,Maria Nakamura,Head of Procurement,marianakamura93@outlook.com,https://www.outlook.com,Healthcare,1814,"$264,880,280","Charlotte, NC",https://linkedin.com/in/maria-nakamura-499,+1 487-771-4619
Copperline Distribution,Nina Rasmussen,,nina.rasmussen@datadoghq.com,https://www.datadoghq.com,Facilities Management,105,"$16,057,125","Tampa, FL",https://linkedin.com/in/nina-rasmussen-500,